"Respondent.clean","Respondent.ID","Respondent.entry.ID","Region.within.country.clean","Country.clean","World.region.clean","Crop.clean","Crop.type.clean","Score.type","Score","Respondent.entry.label","TotalScore.allInterventions","MeanScore.allInterventions","Country.WB","GDP_per_capita","AgForestryFish_ValueAdded_percentGDP","AllResearchAndDev_percentGPD","EnviroPerformance_score","AgResearchAndDev_PPP2017","Taiwan_imputed_from_China"
"AB","R1","1","Catalonia","Spain","Europe","Tomato","Vegetable crops","Artificial Roost",1,"R1-1",6,1,"Spain",33493.2225409111,2.6062235563618,1.49362,66.28,634.407802466939,FALSE
"AB","R1","1","Catalonia","Spain","Europe","Tomato","Vegetable crops","Agrochemical Reduction",1,"R1-1",6,1,"Spain",33493.2225409111,2.6062235563618,1.49362,66.28,634.407802466939,FALSE
"AB","R1","1","Catalonia","Spain","Europe","Tomato","Vegetable crops","Revegetation",1,"R1-1",6,1,"Spain",33493.2225409111,2.6062235563618,1.49362,66.28,634.407802466939,FALSE
"AB","R1","1","Catalonia","Spain","Europe","Tomato","Vegetable crops","Bat Education",1,"R1-1",6,1,"Spain",33493.2225409111,2.6062235563618,1.49362,66.28,634.407802466939,FALSE
"AB","R1","1","Catalonia","Spain","Europe","Tomato","Vegetable crops","Artificial Water Sources",2,"R1-1",6,1,"Spain",33493.2225409111,2.6062235563618,1.49362,66.28,634.407802466939,FALSE
"AB","R1","1","Catalonia","Spain","Europe","Tomato","Vegetable crops","Acoustic Bat Lure",0,"R1-1",6,1,"Spain",33493.2225409111,2.6062235563618,1.49362,66.28,634.407802466939,FALSE
"AH","R2","1","Free State","South Africa","Africa","Apple","Perennial fruit & forestry crops","Artificial Roost",2,"R2-1",4,0.666666666666667,"South Africa",6034.27208964673,2.53517112309848,0.61479,37.6,243.487133597788,FALSE
"AH","R2","1","Free State","South Africa","Africa","Apple","Perennial fruit & forestry crops","Agrochemical Reduction",0,"R2-1",4,0.666666666666667,"South Africa",6034.27208964673,2.53517112309848,0.61479,37.6,243.487133597788,FALSE
"AH","R2","1","Free State","South Africa","Africa","Apple","Perennial fruit & forestry crops","Revegetation",0,"R2-1",4,0.666666666666667,"South Africa",6034.27208964673,2.53517112309848,0.61479,37.6,243.487133597788,FALSE
"AH","R2","1","Free State","South Africa","Africa","Apple","Perennial fruit & forestry crops","Bat Education",1,"R2-1",4,0.666666666666667,"South Africa",6034.27208964673,2.53517112309848,0.61479,37.6,243.487133597788,FALSE
"AH","R2","1","Free State","South Africa","Africa","Apple","Perennial fruit & forestry crops","Artificial Water Sources",1,"R2-1",4,0.666666666666667,"South Africa",6034.27208964673,2.53517112309848,0.61479,37.6,243.487133597788,FALSE
"AH","R2","1","Free State","South Africa","Africa","Apple","Perennial fruit & forestry crops","Acoustic Bat Lure",0,"R2-1",4,0.666666666666667,"South Africa",6034.27208964673,2.53517112309848,0.61479,37.6,243.487133597788,FALSE
"AMS","R3","1","Santiago Metropolitan region","Chile","Latin America / Caribbean","Vineyard","Vineyard","Artificial Roost",1,"R3-1",1,0.166666666666667,"Chile",17081.5180740049,3.39083152306151,0.39205,50.95,209.087519152913,FALSE
"AMS","R3","1","Santiago Metropolitan region","Chile","Latin America / Caribbean","Vineyard","Vineyard","Agrochemical Reduction",0,"R3-1",1,0.166666666666667,"Chile",17081.5180740049,3.39083152306151,0.39205,50.95,209.087519152913,FALSE
"AMS","R3","1","Santiago Metropolitan region","Chile","Latin America / Caribbean","Vineyard","Vineyard","Revegetation",0,"R3-1",1,0.166666666666667,"Chile",17081.5180740049,3.39083152306151,0.39205,50.95,209.087519152913,FALSE
"AMS","R3","1","Santiago Metropolitan region","Chile","Latin America / Caribbean","Vineyard","Vineyard","Bat Education",0,"R3-1",1,0.166666666666667,"Chile",17081.5180740049,3.39083152306151,0.39205,50.95,209.087519152913,FALSE
"AMS","R3","1","Santiago Metropolitan region","Chile","Latin America / Caribbean","Vineyard","Vineyard","Artificial Water Sources",0,"R3-1",1,0.166666666666667,"Chile",17081.5180740049,3.39083152306151,0.39205,50.95,209.087519152913,FALSE
"AMS","R3","1","Santiago Metropolitan region","Chile","Latin America / Caribbean","Vineyard","Vineyard","Acoustic Bat Lure",0,"R3-1",1,0.166666666666667,"Chile",17081.5180740049,3.39083152306151,0.39205,50.95,209.087519152913,FALSE
"AR","R4","1","Queensland","Australia","Australasia / Pacific","Multi- grain & vegetable","Pasture & mixed cropping","Artificial Roost",1,"R4-1",4,0.666666666666667,"Australia",65058.3773146674,2.57169831894523,1.85783,59.4,670.612655136355,FALSE
"AR","R4","1","Queensland","Australia","Australasia / Pacific","Multi- grain & vegetable","Pasture & mixed cropping","Agrochemical Reduction",0,"R4-1",4,0.666666666666667,"Australia",65058.3773146674,2.57169831894523,1.85783,59.4,670.612655136355,FALSE
"AR","R4","1","Queensland","Australia","Australasia / Pacific","Multi- grain & vegetable","Pasture & mixed cropping","Revegetation",1,"R4-1",4,0.666666666666667,"Australia",65058.3773146674,2.57169831894523,1.85783,59.4,670.612655136355,FALSE
"AR","R4","1","Queensland","Australia","Australasia / Pacific","Multi- grain & vegetable","Pasture & mixed cropping","Bat Education",1,"R4-1",4,0.666666666666667,"Australia",65058.3773146674,2.57169831894523,1.85783,59.4,670.612655136355,FALSE
"AR","R4","1","Queensland","Australia","Australasia / Pacific","Multi- grain & vegetable","Pasture & mixed cropping","Artificial Water Sources",0,"R4-1",4,0.666666666666667,"Australia",65058.3773146674,2.57169831894523,1.85783,59.4,670.612655136355,FALSE
"AR","R4","1","Queensland","Australia","Australasia / Pacific","Multi- grain & vegetable","Pasture & mixed cropping","Acoustic Bat Lure",1,"R4-1",4,0.666666666666667,"Australia",65058.3773146674,2.57169831894523,1.85783,59.4,670.612655136355,FALSE
"AM","R5","1","North-east Eswatini","Eswatini","Africa","Sugar cane","Field crops","Artificial Roost",0,"R5-1",1,0.166666666666667,"Eswatini",3755.52111232464,6.63100879033993,NA,34.41,5.9772027475622,FALSE
"AM","R5","1","North-east Eswatini","Eswatini","Africa","Sugar cane","Field crops","Agrochemical Reduction",0,"R5-1",1,0.166666666666667,"Eswatini",3755.52111232464,6.63100879033993,NA,34.41,5.9772027475622,FALSE
"AM","R5","1","North-east Eswatini","Eswatini","Africa","Sugar cane","Field crops","Revegetation",0,"R5-1",1,0.166666666666667,"Eswatini",3755.52111232464,6.63100879033993,NA,34.41,5.9772027475622,FALSE
"AM","R5","1","North-east Eswatini","Eswatini","Africa","Sugar cane","Field crops","Bat Education",1,"R5-1",1,0.166666666666667,"Eswatini",3755.52111232464,6.63100879033993,NA,34.41,5.9772027475622,FALSE
"AM","R5","1","North-east Eswatini","Eswatini","Africa","Sugar cane","Field crops","Artificial Water Sources",0,"R5-1",1,0.166666666666667,"Eswatini",3755.52111232464,6.63100879033993,NA,34.41,5.9772027475622,FALSE
"AM","R5","1","North-east Eswatini","Eswatini","Africa","Sugar cane","Field crops","Acoustic Bat Lure",0,"R5-1",1,0.166666666666667,"Eswatini",3755.52111232464,6.63100879033993,NA,34.41,5.9772027475622,FALSE
"BM","R6","1","New Jersey","USA","North America","Multi- fruit & orchard","Perennial fruit & forestry crops","Artificial Roost",1,"R6-1",4,0.666666666666667,"United States",82586.7847707894,0.942961672907101,3.44716,58.54,5113.96640319801,FALSE
"BM","R6","1","New Jersey","USA","North America","Multi- fruit & orchard","Perennial fruit & forestry crops","Agrochemical Reduction",1,"R6-1",4,0.666666666666667,"United States",82586.7847707894,0.942961672907101,3.44716,58.54,5113.96640319801,FALSE
"BM","R6","1","New Jersey","USA","North America","Multi- fruit & orchard","Perennial fruit & forestry crops","Revegetation",0,"R6-1",4,0.666666666666667,"United States",82586.7847707894,0.942961672907101,3.44716,58.54,5113.96640319801,FALSE
"BM","R6","1","New Jersey","USA","North America","Multi- fruit & orchard","Perennial fruit & forestry crops","Bat Education",2,"R6-1",4,0.666666666666667,"United States",82586.7847707894,0.942961672907101,3.44716,58.54,5113.96640319801,FALSE
"BM","R6","1","New Jersey","USA","North America","Multi- fruit & orchard","Perennial fruit & forestry crops","Artificial Water Sources",0,"R6-1",4,0.666666666666667,"United States",82586.7847707894,0.942961672907101,3.44716,58.54,5113.96640319801,FALSE
"BM","R6","1","New Jersey","USA","North America","Multi- fruit & orchard","Perennial fruit & forestry crops","Acoustic Bat Lure",0,"R6-1",4,0.666666666666667,"United States",82586.7847707894,0.942961672907101,3.44716,58.54,5113.96640319801,FALSE
"CT","R7","2","Multi-region: Catalonia & Aragon","Spain","Europe","Rice","Grain crops","Artificial Roost",3,"R7-2",7,1.16666666666667,"Spain",33493.2225409111,2.6062235563618,1.49362,66.28,634.407802466939,FALSE
"CT","R7","2","Multi-region: Catalonia & Aragon","Spain","Europe","Rice","Grain crops","Agrochemical Reduction",1,"R7-2",7,1.16666666666667,"Spain",33493.2225409111,2.6062235563618,1.49362,66.28,634.407802466939,FALSE
"CT","R7","2","Multi-region: Catalonia & Aragon","Spain","Europe","Rice","Grain crops","Revegetation",0,"R7-2",7,1.16666666666667,"Spain",33493.2225409111,2.6062235563618,1.49362,66.28,634.407802466939,FALSE
"CT","R7","2","Multi-region: Catalonia & Aragon","Spain","Europe","Rice","Grain crops","Bat Education",1,"R7-2",7,1.16666666666667,"Spain",33493.2225409111,2.6062235563618,1.49362,66.28,634.407802466939,FALSE
"CT","R7","2","Multi-region: Catalonia & Aragon","Spain","Europe","Rice","Grain crops","Artificial Water Sources",2,"R7-2",7,1.16666666666667,"Spain",33493.2225409111,2.6062235563618,1.49362,66.28,634.407802466939,FALSE
"CT","R7","2","Multi-region: Catalonia & Aragon","Spain","Europe","Rice","Grain crops","Acoustic Bat Lure",0,"R7-2",7,1.16666666666667,"Spain",33493.2225409111,2.6062235563618,1.49362,66.28,634.407802466939,FALSE
"CT","R7","1","Multi-region: DIANA & Vatovavy-Fitovinany regions","Madagascar","Africa","Rice","Grain crops","Artificial Roost",1,"R7-1",2,0.333333333333333,"Madagascar",514.064076551927,22.2232371808595,NA,31.13,9.62605082877935,FALSE
"CT","R7","1","Multi-region: DIANA & Vatovavy-Fitovinany regions","Madagascar","Africa","Rice","Grain crops","Agrochemical Reduction",0,"R7-1",2,0.333333333333333,"Madagascar",514.064076551927,22.2232371808595,NA,31.13,9.62605082877935,FALSE
"CT","R7","1","Multi-region: DIANA & Vatovavy-Fitovinany regions","Madagascar","Africa","Rice","Grain crops","Revegetation",0,"R7-1",2,0.333333333333333,"Madagascar",514.064076551927,22.2232371808595,NA,31.13,9.62605082877935,FALSE
"CT","R7","1","Multi-region: DIANA & Vatovavy-Fitovinany regions","Madagascar","Africa","Rice","Grain crops","Bat Education",1,"R7-1",2,0.333333333333333,"Madagascar",514.064076551927,22.2232371808595,NA,31.13,9.62605082877935,FALSE
"CT","R7","1","Multi-region: DIANA & Vatovavy-Fitovinany regions","Madagascar","Africa","Rice","Grain crops","Artificial Water Sources",0,"R7-1",2,0.333333333333333,"Madagascar",514.064076551927,22.2232371808595,NA,31.13,9.62605082877935,FALSE
"CT","R7","1","Multi-region: DIANA & Vatovavy-Fitovinany regions","Madagascar","Africa","Rice","Grain crops","Acoustic Bat Lure",0,"R7-1",2,0.333333333333333,"Madagascar",514.064076551927,22.2232371808595,NA,31.13,9.62605082877935,FALSE
"CK","R8","9","Jerusalem District","Israel","Middle East / Western Asia","Olive groves","Perennial fruit & forestry crops","Artificial Roost",0,"R8-9",1,0.166666666666667,"Israel",52126.4489280033,1.39228590650126,6.34589,51.69,155.112689890399,FALSE
"CK","R8","9","Jerusalem District","Israel","Middle East / Western Asia","Olive groves","Perennial fruit & forestry crops","Agrochemical Reduction",1,"R8-9",1,0.166666666666667,"Israel",52126.4489280033,1.39228590650126,6.34589,51.69,155.112689890399,FALSE
"CK","R8","9","Jerusalem District","Israel","Middle East / Western Asia","Olive groves","Perennial fruit & forestry crops","Revegetation",0,"R8-9",1,0.166666666666667,"Israel",52126.4489280033,1.39228590650126,6.34589,51.69,155.112689890399,FALSE
"CK","R8","9","Jerusalem District","Israel","Middle East / Western Asia","Olive groves","Perennial fruit & forestry crops","Bat Education",0,"R8-9",1,0.166666666666667,"Israel",52126.4489280033,1.39228590650126,6.34589,51.69,155.112689890399,FALSE
"CK","R8","9","Jerusalem District","Israel","Middle East / Western Asia","Olive groves","Perennial fruit & forestry crops","Artificial Water Sources",0,"R8-9",1,0.166666666666667,"Israel",52126.4489280033,1.39228590650126,6.34589,51.69,155.112689890399,FALSE
"CK","R8","9","Jerusalem District","Israel","Middle East / Western Asia","Olive groves","Perennial fruit & forestry crops","Acoustic Bat Lure",0,"R8-9",1,0.166666666666667,"Israel",52126.4489280033,1.39228590650126,6.34589,51.69,155.112689890399,FALSE
"CK","R8","1","Southern Distict","Israel","Middle East / Western Asia","Date palms","Perennial fruit & forestry crops","Artificial Roost",1,"R8-1",9,1.5,"Israel",52126.4489280033,1.39228590650126,6.34589,51.69,155.112689890399,FALSE
"CK","R8","1","Southern Distict","Israel","Middle East / Western Asia","Date palms","Perennial fruit & forestry crops","Agrochemical Reduction",2,"R8-1",9,1.5,"Israel",52126.4489280033,1.39228590650126,6.34589,51.69,155.112689890399,FALSE
"CK","R8","1","Southern Distict","Israel","Middle East / Western Asia","Date palms","Perennial fruit & forestry crops","Revegetation",2,"R8-1",9,1.5,"Israel",52126.4489280033,1.39228590650126,6.34589,51.69,155.112689890399,FALSE
"CK","R8","1","Southern Distict","Israel","Middle East / Western Asia","Date palms","Perennial fruit & forestry crops","Bat Education",2,"R8-1",9,1.5,"Israel",52126.4489280033,1.39228590650126,6.34589,51.69,155.112689890399,FALSE
"CK","R8","1","Southern Distict","Israel","Middle East / Western Asia","Date palms","Perennial fruit & forestry crops","Artificial Water Sources",2,"R8-1",9,1.5,"Israel",52126.4489280033,1.39228590650126,6.34589,51.69,155.112689890399,FALSE
"CK","R8","1","Southern Distict","Israel","Middle East / Western Asia","Date palms","Perennial fruit & forestry crops","Acoustic Bat Lure",0,"R8-1",9,1.5,"Israel",52126.4489280033,1.39228590650126,6.34589,51.69,155.112689890399,FALSE
"CK","R8","4 & 18","Northern & Southern Districts","Israel","Middle East / Western Asia","Apple","Perennial fruit & forestry crops","Artificial Roost",0,"R8-4 & 18",3,0.5,"Israel",52126.4489280033,1.39228590650126,6.34589,51.69,155.112689890399,FALSE
"CK","R8","4 & 18","Northern & Southern Districts","Israel","Middle East / Western Asia","Apple","Perennial fruit & forestry crops","Agrochemical Reduction",2,"R8-4 & 18",3,0.5,"Israel",52126.4489280033,1.39228590650126,6.34589,51.69,155.112689890399,FALSE
"CK","R8","4 & 18","Northern & Southern Districts","Israel","Middle East / Western Asia","Apple","Perennial fruit & forestry crops","Revegetation",0,"R8-4 & 18",3,0.5,"Israel",52126.4489280033,1.39228590650126,6.34589,51.69,155.112689890399,FALSE
"CK","R8","4 & 18","Northern & Southern Districts","Israel","Middle East / Western Asia","Apple","Perennial fruit & forestry crops","Bat Education",1,"R8-4 & 18",3,0.5,"Israel",52126.4489280033,1.39228590650126,6.34589,51.69,155.112689890399,FALSE
"CK","R8","4 & 18","Northern & Southern Districts","Israel","Middle East / Western Asia","Apple","Perennial fruit & forestry crops","Artificial Water Sources",0,"R8-4 & 18",3,0.5,"Israel",52126.4489280033,1.39228590650126,6.34589,51.69,155.112689890399,FALSE
"CK","R8","4 & 18","Northern & Southern Districts","Israel","Middle East / Western Asia","Apple","Perennial fruit & forestry crops","Acoustic Bat Lure",0,"R8-4 & 18",3,0.5,"Israel",52126.4489280033,1.39228590650126,6.34589,51.69,155.112689890399,FALSE
"CK","R8","5 & 20","Haifa & Central Districts","Israel","Middle East / Western Asia","Cotton","Field crops","Artificial Roost",1,"R8-5 & 20",2,0.333333333333333,"Israel",52126.4489280033,1.39228590650126,6.34589,51.69,155.112689890399,FALSE
"CK","R8","5 & 20","Haifa & Central Districts","Israel","Middle East / Western Asia","Cotton","Field crops","Agrochemical Reduction",0,"R8-5 & 20",2,0.333333333333333,"Israel",52126.4489280033,1.39228590650126,6.34589,51.69,155.112689890399,FALSE
"CK","R8","5 & 20","Haifa & Central Districts","Israel","Middle East / Western Asia","Cotton","Field crops","Revegetation",0,"R8-5 & 20",2,0.333333333333333,"Israel",52126.4489280033,1.39228590650126,6.34589,51.69,155.112689890399,FALSE
"CK","R8","5 & 20","Haifa & Central Districts","Israel","Middle East / Western Asia","Cotton","Field crops","Bat Education",1,"R8-5 & 20",2,0.333333333333333,"Israel",52126.4489280033,1.39228590650126,6.34589,51.69,155.112689890399,FALSE
"CK","R8","5 & 20","Haifa & Central Districts","Israel","Middle East / Western Asia","Cotton","Field crops","Artificial Water Sources",0,"R8-5 & 20",2,0.333333333333333,"Israel",52126.4489280033,1.39228590650126,6.34589,51.69,155.112689890399,FALSE
"CK","R8","5 & 20","Haifa & Central Districts","Israel","Middle East / Western Asia","Cotton","Field crops","Acoustic Bat Lure",0,"R8-5 & 20",2,0.333333333333333,"Israel",52126.4489280033,1.39228590650126,6.34589,51.69,155.112689890399,FALSE
"CK","R8","6, 7 & 8","Unspecified - Vineyard research in both Haifa & Jeruselum Districts","Israel","Middle East / Western Asia","Vineyard","Vineyard","Artificial Roost",0,"R8-6, 7 & 8",11,0.647058823529412,"Israel",52126.4489280033,1.39228590650126,6.34589,51.69,155.112689890399,FALSE
"CK","R8","6, 7 & 8","Unspecified - Vineyard research in both Haifa & Jeruselum Districts","Israel","Middle East / Western Asia","Vineyard","Vineyard","Agrochemical Reduction",1,"R8-6, 7 & 8",11,0.647058823529412,"Israel",52126.4489280033,1.39228590650126,6.34589,51.69,155.112689890399,FALSE
"CK","R8","6, 7 & 8","Unspecified - Vineyard research in both Haifa & Jeruselum Districts","Israel","Middle East / Western Asia","Vineyard","Vineyard","Revegetation",0,"R8-6, 7 & 8",11,0.647058823529412,"Israel",52126.4489280033,1.39228590650126,6.34589,51.69,155.112689890399,FALSE
"CK","R8","6, 7 & 8","Unspecified - Vineyard research in both Haifa & Jeruselum Districts","Israel","Middle East / Western Asia","Vineyard","Vineyard","Bat Education",1,"R8-6, 7 & 8",11,0.647058823529412,"Israel",52126.4489280033,1.39228590650126,6.34589,51.69,155.112689890399,FALSE
"CK","R8","6, 7 & 8","Unspecified - Vineyard research in both Haifa & Jeruselum Districts","Israel","Middle East / Western Asia","Vineyard","Vineyard","Artificial Water Sources",0,"R8-6, 7 & 8",11,0.647058823529412,"Israel",52126.4489280033,1.39228590650126,6.34589,51.69,155.112689890399,FALSE
"CK","R8","6, 7 & 8","Unspecified - Vineyard research in both Haifa & Jeruselum Districts","Israel","Middle East / Western Asia","Vineyard","Vineyard","Acoustic Bat Lure",2,"R8-6, 7 & 8",11,0.647058823529412,"Israel",52126.4489280033,1.39228590650126,6.34589,51.69,155.112689890399,FALSE
"CK","R8","6, 7 & 8","Unspecified - Vineyard research in both Haifa & Jeruselum Districts","Israel","Middle East / Western Asia","Vineyard","Vineyard","Artificial Roost",0,"R8-6, 7 & 8",11,0.647058823529412,"Israel",52126.4489280033,1.39228590650126,6.34589,51.69,155.112689890399,FALSE
"CK","R8","6, 7 & 8","Unspecified - Vineyard research in both Haifa & Jeruselum Districts","Israel","Middle East / Western Asia","Vineyard","Vineyard","Agrochemical Reduction",1,"R8-6, 7 & 8",11,0.647058823529412,"Israel",52126.4489280033,1.39228590650126,6.34589,51.69,155.112689890399,FALSE
"CK","R8","6, 7 & 8","Unspecified - Vineyard research in both Haifa & Jeruselum Districts","Israel","Middle East / Western Asia","Vineyard","Vineyard","Revegetation",0,"R8-6, 7 & 8",11,0.647058823529412,"Israel",52126.4489280033,1.39228590650126,6.34589,51.69,155.112689890399,FALSE
"CK","R8","6, 7 & 8","Unspecified - Vineyard research in both Haifa & Jeruselum Districts","Israel","Middle East / Western Asia","Vineyard","Vineyard","Bat Education",1,"R8-6, 7 & 8",11,0.647058823529412,"Israel",52126.4489280033,1.39228590650126,6.34589,51.69,155.112689890399,FALSE
"CK","R8","6, 7 & 8","Unspecified - Vineyard research in both Haifa & Jeruselum Districts","Israel","Middle East / Western Asia","Vineyard","Vineyard","Artificial Water Sources",0,"R8-6, 7 & 8",11,0.647058823529412,"Israel",52126.4489280033,1.39228590650126,6.34589,51.69,155.112689890399,FALSE
"CK","R8","6, 7 & 8","Unspecified - Vineyard research in both Haifa & Jeruselum Districts","Israel","Middle East / Western Asia","Vineyard","Vineyard","Acoustic Bat Lure",2,"R8-6, 7 & 8",11,0.647058823529412,"Israel",52126.4489280033,1.39228590650126,6.34589,51.69,155.112689890399,FALSE
"CK","R8","21","Southern Distict","Israel","Middle East / Western Asia","Pumpkin","Vegetable crops","Artificial Roost",0,"R8-21",3,0.5,"Israel",52126.4489280033,1.39228590650126,6.34589,51.69,155.112689890399,FALSE
"CK","R8","21","Southern Distict","Israel","Middle East / Western Asia","Pumpkin","Vegetable crops","Agrochemical Reduction",0,"R8-21",3,0.5,"Israel",52126.4489280033,1.39228590650126,6.34589,51.69,155.112689890399,FALSE
"CK","R8","21","Southern Distict","Israel","Middle East / Western Asia","Pumpkin","Vegetable crops","Revegetation",0,"R8-21",3,0.5,"Israel",52126.4489280033,1.39228590650126,6.34589,51.69,155.112689890399,FALSE
"CK","R8","21","Southern Distict","Israel","Middle East / Western Asia","Pumpkin","Vegetable crops","Bat Education",1,"R8-21",3,0.5,"Israel",52126.4489280033,1.39228590650126,6.34589,51.69,155.112689890399,FALSE
"CK","R8","21","Southern Distict","Israel","Middle East / Western Asia","Pumpkin","Vegetable crops","Artificial Water Sources",0,"R8-21",3,0.5,"Israel",52126.4489280033,1.39228590650126,6.34589,51.69,155.112689890399,FALSE
"CK","R8","21","Southern Distict","Israel","Middle East / Western Asia","Pumpkin","Vegetable crops","Acoustic Bat Lure",2,"R8-21",3,0.5,"Israel",52126.4489280033,1.39228590650126,6.34589,51.69,155.112689890399,FALSE
"CK","R8","2","Southern Distict","Israel","Middle East / Western Asia","Onion","Vegetable crops","Artificial Roost",0,"R8-2",3,0.5,"Israel",52126.4489280033,1.39228590650126,6.34589,51.69,155.112689890399,FALSE
"CK","R8","2","Southern Distict","Israel","Middle East / Western Asia","Onion","Vegetable crops","Agrochemical Reduction",0,"R8-2",3,0.5,"Israel",52126.4489280033,1.39228590650126,6.34589,51.69,155.112689890399,FALSE
"CK","R8","2","Southern Distict","Israel","Middle East / Western Asia","Onion","Vegetable crops","Revegetation",0,"R8-2",3,0.5,"Israel",52126.4489280033,1.39228590650126,6.34589,51.69,155.112689890399,FALSE
"CK","R8","2","Southern Distict","Israel","Middle East / Western Asia","Onion","Vegetable crops","Bat Education",1,"R8-2",3,0.5,"Israel",52126.4489280033,1.39228590650126,6.34589,51.69,155.112689890399,FALSE
"CK","R8","2","Southern Distict","Israel","Middle East / Western Asia","Onion","Vegetable crops","Artificial Water Sources",0,"R8-2",3,0.5,"Israel",52126.4489280033,1.39228590650126,6.34589,51.69,155.112689890399,FALSE
"CK","R8","2","Southern Distict","Israel","Middle East / Western Asia","Onion","Vegetable crops","Acoustic Bat Lure",2,"R8-2",3,0.5,"Israel",52126.4489280033,1.39228590650126,6.34589,51.69,155.112689890399,FALSE
"CK","R8","16","UnspCentral Districts","Israel","Middle East / Western Asia","Watermelon","Vegetable crops","Artificial Roost",0,"R8-16",3,0.5,"Israel",52126.4489280033,1.39228590650126,6.34589,51.69,155.112689890399,FALSE
"CK","R8","16","UnspCentral Districts","Israel","Middle East / Western Asia","Watermelon","Vegetable crops","Agrochemical Reduction",0,"R8-16",3,0.5,"Israel",52126.4489280033,1.39228590650126,6.34589,51.69,155.112689890399,FALSE
"CK","R8","16","UnspCentral Districts","Israel","Middle East / Western Asia","Watermelon","Vegetable crops","Revegetation",0,"R8-16",3,0.5,"Israel",52126.4489280033,1.39228590650126,6.34589,51.69,155.112689890399,FALSE
"CK","R8","16","UnspCentral Districts","Israel","Middle East / Western Asia","Watermelon","Vegetable crops","Bat Education",1,"R8-16",3,0.5,"Israel",52126.4489280033,1.39228590650126,6.34589,51.69,155.112689890399,FALSE
"CK","R8","16","UnspCentral Districts","Israel","Middle East / Western Asia","Watermelon","Vegetable crops","Artificial Water Sources",0,"R8-16",3,0.5,"Israel",52126.4489280033,1.39228590650126,6.34589,51.69,155.112689890399,FALSE
"CK","R8","16","UnspCentral Districts","Israel","Middle East / Western Asia","Watermelon","Vegetable crops","Acoustic Bat Lure",2,"R8-16",3,0.5,"Israel",52126.4489280033,1.39228590650126,6.34589,51.69,155.112689890399,FALSE
"CK","R8","3","Southern Distict","Israel","Middle East / Western Asia","Melon","Vegetable crops","Artificial Roost",0,"R8-3",5,0.833333333333333,"Israel",52126.4489280033,1.39228590650126,6.34589,51.69,155.112689890399,FALSE
"CK","R8","3","Southern Distict","Israel","Middle East / Western Asia","Melon","Vegetable crops","Agrochemical Reduction",0,"R8-3",5,0.833333333333333,"Israel",52126.4489280033,1.39228590650126,6.34589,51.69,155.112689890399,FALSE
"CK","R8","3","Southern Distict","Israel","Middle East / Western Asia","Melon","Vegetable crops","Revegetation",2,"R8-3",5,0.833333333333333,"Israel",52126.4489280033,1.39228590650126,6.34589,51.69,155.112689890399,FALSE
"CK","R8","3","Southern Distict","Israel","Middle East / Western Asia","Melon","Vegetable crops","Bat Education",1,"R8-3",5,0.833333333333333,"Israel",52126.4489280033,1.39228590650126,6.34589,51.69,155.112689890399,FALSE
"CK","R8","3","Southern Distict","Israel","Middle East / Western Asia","Melon","Vegetable crops","Artificial Water Sources",0,"R8-3",5,0.833333333333333,"Israel",52126.4489280033,1.39228590650126,6.34589,51.69,155.112689890399,FALSE
"CK","R8","3","Southern Distict","Israel","Middle East / Western Asia","Melon","Vegetable crops","Acoustic Bat Lure",2,"R8-3",5,0.833333333333333,"Israel",52126.4489280033,1.39228590650126,6.34589,51.69,155.112689890399,FALSE
"CK","R8","6, 7 & 8","Unspecified - Vineyard research in both Haifa & Jeruselum Districts","Israel","Middle East / Western Asia","Vineyard","Vineyard","Artificial Roost",0,"R8-6, 7 & 8",11,0.647058823529412,"Israel",52126.4489280033,1.39228590650126,6.34589,51.69,155.112689890399,FALSE
"CK","R8","6, 7 & 8","Unspecified - Vineyard research in both Haifa & Jeruselum Districts","Israel","Middle East / Western Asia","Vineyard","Vineyard","Agrochemical Reduction",2,"R8-6, 7 & 8",11,0.647058823529412,"Israel",52126.4489280033,1.39228590650126,6.34589,51.69,155.112689890399,FALSE
"CK","R8","6, 7 & 8","Unspecified - Vineyard research in both Haifa & Jeruselum Districts","Israel","Middle East / Western Asia","Vineyard","Vineyard","Revegetation",0,"R8-6, 7 & 8",11,0.647058823529412,"Israel",52126.4489280033,1.39228590650126,6.34589,51.69,155.112689890399,FALSE
"CK","R8","6, 7 & 8","Unspecified - Vineyard research in both Haifa & Jeruselum Districts","Israel","Middle East / Western Asia","Vineyard","Vineyard","Bat Education",1,"R8-6, 7 & 8",11,0.647058823529412,"Israel",52126.4489280033,1.39228590650126,6.34589,51.69,155.112689890399,FALSE
"CK","R8","6, 7 & 8","Unspecified - Vineyard research in both Haifa & Jeruselum Districts","Israel","Middle East / Western Asia","Vineyard","Vineyard","Artificial Water Sources",0,"R8-6, 7 & 8",11,0.647058823529412,"Israel",52126.4489280033,1.39228590650126,6.34589,51.69,155.112689890399,FALSE
"CK","R8","6, 7 & 8","Unspecified - Vineyard research in both Haifa & Jeruselum Districts","Israel","Middle East / Western Asia","Vineyard","Vineyard","Acoustic Bat Lure",NA,"R8-6, 7 & 8",11,0.647058823529412,"Israel",52126.4489280033,1.39228590650126,6.34589,51.69,155.112689890399,FALSE
"CS","R9","2","Extremadura","Spain","Europe","Tomato","Vegetable crops","Artificial Roost",3,"R9-2",12,2,"Spain",33493.2225409111,2.6062235563618,1.49362,66.28,634.407802466939,FALSE
"CS","R9","2","Extremadura","Spain","Europe","Tomato","Vegetable crops","Agrochemical Reduction",2,"R9-2",12,2,"Spain",33493.2225409111,2.6062235563618,1.49362,66.28,634.407802466939,FALSE
"CS","R9","2","Extremadura","Spain","Europe","Tomato","Vegetable crops","Revegetation",2,"R9-2",12,2,"Spain",33493.2225409111,2.6062235563618,1.49362,66.28,634.407802466939,FALSE
"CS","R9","2","Extremadura","Spain","Europe","Tomato","Vegetable crops","Bat Education",0,"R9-2",12,2,"Spain",33493.2225409111,2.6062235563618,1.49362,66.28,634.407802466939,FALSE
"CS","R9","2","Extremadura","Spain","Europe","Tomato","Vegetable crops","Artificial Water Sources",2,"R9-2",12,2,"Spain",33493.2225409111,2.6062235563618,1.49362,66.28,634.407802466939,FALSE
"CS","R9","2","Extremadura","Spain","Europe","Tomato","Vegetable crops","Acoustic Bat Lure",3,"R9-2",12,2,"Spain",33493.2225409111,2.6062235563618,1.49362,66.28,634.407802466939,FALSE
"CS","R9","1","Morelos","Mexico","Latin America / Caribbean","Multi- grain & vegetable","Pasture & mixed cropping","Artificial Roost",2,"R9-1",4,0.666666666666667,"Mexico",13830.843848864,3.84569758598285,0.26746,46.09,508.188663304649,FALSE
"CS","R9","1","Morelos","Mexico","Latin America / Caribbean","Multi- grain & vegetable","Pasture & mixed cropping","Agrochemical Reduction",1,"R9-1",4,0.666666666666667,"Mexico",13830.843848864,3.84569758598285,0.26746,46.09,508.188663304649,FALSE
"CS","R9","1","Morelos","Mexico","Latin America / Caribbean","Multi- grain & vegetable","Pasture & mixed cropping","Revegetation",0,"R9-1",4,0.666666666666667,"Mexico",13830.843848864,3.84569758598285,0.26746,46.09,508.188663304649,FALSE
"CS","R9","1","Morelos","Mexico","Latin America / Caribbean","Multi- grain & vegetable","Pasture & mixed cropping","Bat Education",1,"R9-1",4,0.666666666666667,"Mexico",13830.843848864,3.84569758598285,0.26746,46.09,508.188663304649,FALSE
"CS","R9","1","Morelos","Mexico","Latin America / Caribbean","Multi- grain & vegetable","Pasture & mixed cropping","Artificial Water Sources",0,"R9-1",4,0.666666666666667,"Mexico",13830.843848864,3.84569758598285,0.26746,46.09,508.188663304649,FALSE
"CS","R9","1","Morelos","Mexico","Latin America / Caribbean","Multi- grain & vegetable","Pasture & mixed cropping","Acoustic Bat Lure",0,"R9-1",4,0.666666666666667,"Mexico",13830.843848864,3.84569758598285,0.26746,46.09,508.188663304649,FALSE
"CO","R10","1","Multi-country (Peru-Colombia multi-region)","Peru & Colombia","Latin America / Caribbean","Agroforestry cacao","Agroforestry cacao","Artificial Roost",0,"R10-1",1,0.166666666666667,"Peru",7919.04634828547,7.22315955429279,0.17611,41.01,93.727296106182,FALSE
"CO","R10","1","Multi-country (Peru-Colombia multi-region)","Peru & Colombia","Latin America / Caribbean","Agroforestry cacao","Agroforestry cacao","Agrochemical Reduction",0,"R10-1",1,0.166666666666667,"Peru",7919.04634828547,7.22315955429279,0.17611,41.01,93.727296106182,FALSE
"CO","R10","1","Multi-country (Peru-Colombia multi-region)","Peru & Colombia","Latin America / Caribbean","Agroforestry cacao","Agroforestry cacao","Revegetation",0,"R10-1",1,0.166666666666667,"Peru",7919.04634828547,7.22315955429279,0.17611,41.01,93.727296106182,FALSE
"CO","R10","1","Multi-country (Peru-Colombia multi-region)","Peru & Colombia","Latin America / Caribbean","Agroforestry cacao","Agroforestry cacao","Bat Education",1,"R10-1",1,0.166666666666667,"Peru",7919.04634828547,7.22315955429279,0.17611,41.01,93.727296106182,FALSE
"CO","R10","1","Multi-country (Peru-Colombia multi-region)","Peru & Colombia","Latin America / Caribbean","Agroforestry cacao","Agroforestry cacao","Artificial Water Sources",0,"R10-1",1,0.166666666666667,"Peru",7919.04634828547,7.22315955429279,0.17611,41.01,93.727296106182,FALSE
"CO","R10","1","Multi-country (Peru-Colombia multi-region)","Peru & Colombia","Latin America / Caribbean","Agroforestry cacao","Agroforestry cacao","Acoustic Bat Lure",0,"R10-1",1,0.166666666666667,"Peru",7919.04634828547,7.22315955429279,0.17611,41.01,93.727296106182,FALSE
"CM","R11","1","Western Province","Ghana","Africa","Multi- crop","Pasture & mixed cropping","Artificial Roost",0,"R11-1",3,0.5,"Ghana",2383.90410476221,20.9430687855615,NA,28.6,116.975380230497,FALSE
"CM","R11","1","Western Province","Ghana","Africa","Multi- crop","Pasture & mixed cropping","Agrochemical Reduction",0,"R11-1",3,0.5,"Ghana",2383.90410476221,20.9430687855615,NA,28.6,116.975380230497,FALSE
"CM","R11","1","Western Province","Ghana","Africa","Multi- crop","Pasture & mixed cropping","Revegetation",1,"R11-1",3,0.5,"Ghana",2383.90410476221,20.9430687855615,NA,28.6,116.975380230497,FALSE
"CM","R11","1","Western Province","Ghana","Africa","Multi- crop","Pasture & mixed cropping","Bat Education",2,"R11-1",3,0.5,"Ghana",2383.90410476221,20.9430687855615,NA,28.6,116.975380230497,FALSE
"CM","R11","1","Western Province","Ghana","Africa","Multi- crop","Pasture & mixed cropping","Artificial Water Sources",0,"R11-1",3,0.5,"Ghana",2383.90410476221,20.9430687855615,NA,28.6,116.975380230497,FALSE
"CM","R11","1","Western Province","Ghana","Africa","Multi- crop","Pasture & mixed cropping","Acoustic Bat Lure",0,"R11-1",3,0.5,"Ghana",2383.90410476221,20.9430687855615,NA,28.6,116.975380230497,FALSE
"DR","R12","1","Veneto","Italy","Europe","Apple","Perennial fruit & forestry crops","Artificial Roost",0,"R12-1",6,1,"Italy",39279.699782164,1.8596431753596,1.37935,61.56,952.713803909769,FALSE
"DR","R12","1","Veneto","Italy","Europe","Apple","Perennial fruit & forestry crops","Agrochemical Reduction",3,"R12-1",6,1,"Italy",39279.699782164,1.8596431753596,1.37935,61.56,952.713803909769,FALSE
"DR","R12","1","Veneto","Italy","Europe","Apple","Perennial fruit & forestry crops","Revegetation",0,"R12-1",6,1,"Italy",39279.699782164,1.8596431753596,1.37935,61.56,952.713803909769,FALSE
"DR","R12","1","Veneto","Italy","Europe","Apple","Perennial fruit & forestry crops","Bat Education",3,"R12-1",6,1,"Italy",39279.699782164,1.8596431753596,1.37935,61.56,952.713803909769,FALSE
"DR","R12","1","Veneto","Italy","Europe","Apple","Perennial fruit & forestry crops","Artificial Water Sources",0,"R12-1",6,1,"Italy",39279.699782164,1.8596431753596,1.37935,61.56,952.713803909769,FALSE
"DR","R12","1","Veneto","Italy","Europe","Apple","Perennial fruit & forestry crops","Acoustic Bat Lure",0,"R12-1",6,1,"Italy",39279.699782164,1.8596431753596,1.37935,61.56,952.713803909769,FALSE
"DF","R13","1 & 2","Cameroon: multi-region","Cameroon","Africa","Agroforestry cacao","Agroforestry cacao","Artificial Roost",1,"R13-1 & 2",3,0.5,"Cameroon",1720.47510154506,17.0996372773511,NA,34.9,36.1474384663849,FALSE
"DF","R13","1 & 2","Cameroon: multi-region","Cameroon","Africa","Agroforestry cacao","Agroforestry cacao","Agrochemical Reduction",0,"R13-1 & 2",3,0.5,"Cameroon",1720.47510154506,17.0996372773511,NA,34.9,36.1474384663849,FALSE
"DF","R13","1 & 2","Cameroon: multi-region","Cameroon","Africa","Agroforestry cacao","Agroforestry cacao","Revegetation",1,"R13-1 & 2",3,0.5,"Cameroon",1720.47510154506,17.0996372773511,NA,34.9,36.1474384663849,FALSE
"DF","R13","1 & 2","Cameroon: multi-region","Cameroon","Africa","Agroforestry cacao","Agroforestry cacao","Bat Education",1,"R13-1 & 2",3,0.5,"Cameroon",1720.47510154506,17.0996372773511,NA,34.9,36.1474384663849,FALSE
"DF","R13","1 & 2","Cameroon: multi-region","Cameroon","Africa","Agroforestry cacao","Agroforestry cacao","Artificial Water Sources",0,"R13-1 & 2",3,0.5,"Cameroon",1720.47510154506,17.0996372773511,NA,34.9,36.1474384663849,FALSE
"DF","R13","1 & 2","Cameroon: multi-region","Cameroon","Africa","Agroforestry cacao","Agroforestry cacao","Acoustic Bat Lure",0,"R13-1 & 2",3,0.5,"Cameroon",1720.47510154506,17.0996372773511,NA,34.9,36.1474384663849,FALSE
"KD","R14","1","Karnataka","India","South / Southeast Asia","Rice","Grain crops","Artificial Roost",0,"R14-1",3,0.5,"India",2434.44826340989,17.6565389328245,0.64558,22.46,4453.98508903982,FALSE
"KD","R14","1","Karnataka","India","South / Southeast Asia","Rice","Grain crops","Agrochemical Reduction",1,"R14-1",3,0.5,"India",2434.44826340989,17.6565389328245,0.64558,22.46,4453.98508903982,FALSE
"KD","R14","1","Karnataka","India","South / Southeast Asia","Rice","Grain crops","Revegetation",0,"R14-1",3,0.5,"India",2434.44826340989,17.6565389328245,0.64558,22.46,4453.98508903982,FALSE
"KD","R14","1","Karnataka","India","South / Southeast Asia","Rice","Grain crops","Bat Education",2,"R14-1",3,0.5,"India",2434.44826340989,17.6565389328245,0.64558,22.46,4453.98508903982,FALSE
"KD","R14","1","Karnataka","India","South / Southeast Asia","Rice","Grain crops","Artificial Water Sources",0,"R14-1",3,0.5,"India",2434.44826340989,17.6565389328245,0.64558,22.46,4453.98508903982,FALSE
"KD","R14","1","Karnataka","India","South / Southeast Asia","Rice","Grain crops","Acoustic Bat Lure",0,"R14-1",3,0.5,"India",2434.44826340989,17.6565389328245,0.64558,22.46,4453.98508903982,FALSE
"EF","R15","3","Central Scotland","UK","Europe","Multi- crop & pasture","Pasture & mixed cropping","Artificial Roost",0,"R15-3",6,1,"United Kingdom",49919.6896621586,0.648180849687737,2.67614,71.51,634.098457763344,FALSE
"EF","R15","3","Central Scotland","UK","Europe","Multi- crop & pasture","Pasture & mixed cropping","Agrochemical Reduction",1,"R15-3",6,1,"United Kingdom",49919.6896621586,0.648180849687737,2.67614,71.51,634.098457763344,FALSE
"EF","R15","3","Central Scotland","UK","Europe","Multi- crop & pasture","Pasture & mixed cropping","Revegetation",3,"R15-3",6,1,"United Kingdom",49919.6896621586,0.648180849687737,2.67614,71.51,634.098457763344,FALSE
"EF","R15","3","Central Scotland","UK","Europe","Multi- crop & pasture","Pasture & mixed cropping","Bat Education",0,"R15-3",6,1,"United Kingdom",49919.6896621586,0.648180849687737,2.67614,71.51,634.098457763344,FALSE
"EF","R15","3","Central Scotland","UK","Europe","Multi- crop & pasture","Pasture & mixed cropping","Artificial Water Sources",2,"R15-3",6,1,"United Kingdom",49919.6896621586,0.648180849687737,2.67614,71.51,634.098457763344,FALSE
"EF","R15","3","Central Scotland","UK","Europe","Multi- crop & pasture","Pasture & mixed cropping","Acoustic Bat Lure",0,"R15-3",6,1,"United Kingdom",49919.6896621586,0.648180849687737,2.67614,71.51,634.098457763344,FALSE
"FM","R16","1","Multi-region: northern, eastern & western France","France","Europe","Multi- crop & pasture","Pasture & mixed cropping","Artificial Roost",0,"R16-1",5,0.833333333333333,"France",44700.1384177544,1.48475796304424,2.17832,69.82,1537.31777634499,FALSE
"FM","R16","1","Multi-region: northern, eastern & western France","France","Europe","Multi- crop & pasture","Pasture & mixed cropping","Agrochemical Reduction",0,"R16-1",5,0.833333333333333,"France",44700.1384177544,1.48475796304424,2.17832,69.82,1537.31777634499,FALSE
"FM","R16","1","Multi-region: northern, eastern & western France","France","Europe","Multi- crop & pasture","Pasture & mixed cropping","Revegetation",3,"R16-1",5,0.833333333333333,"France",44700.1384177544,1.48475796304424,2.17832,69.82,1537.31777634499,FALSE
"FM","R16","1","Multi-region: northern, eastern & western France","France","Europe","Multi- crop & pasture","Pasture & mixed cropping","Bat Education",2,"R16-1",5,0.833333333333333,"France",44700.1384177544,1.48475796304424,2.17832,69.82,1537.31777634499,FALSE
"FM","R16","1","Multi-region: northern, eastern & western France","France","Europe","Multi- crop & pasture","Pasture & mixed cropping","Artificial Water Sources",0,"R16-1",5,0.833333333333333,"France",44700.1384177544,1.48475796304424,2.17832,69.82,1537.31777634499,FALSE
"FM","R16","1","Multi-region: northern, eastern & western France","France","Europe","Multi- crop & pasture","Pasture & mixed cropping","Acoustic Bat Lure",0,"R16-1",5,0.833333333333333,"France",44700.1384177544,1.48475796304424,2.17832,69.82,1537.31777634499,FALSE
"FM","R16","2","Multi-region: northern, eastern & western France","France","Europe","Multi- crop & pasture","Pasture & mixed cropping","Artificial Roost",0,"R16-2",2,0.333333333333333,"France",44700.1384177544,1.48475796304424,2.17832,69.82,1537.31777634499,FALSE
"FM","R16","2","Multi-region: northern, eastern & western France","France","Europe","Multi- crop & pasture","Pasture & mixed cropping","Agrochemical Reduction",0,"R16-2",2,0.333333333333333,"France",44700.1384177544,1.48475796304424,2.17832,69.82,1537.31777634499,FALSE
"FM","R16","2","Multi-region: northern, eastern & western France","France","Europe","Multi- crop & pasture","Pasture & mixed cropping","Revegetation",0,"R16-2",2,0.333333333333333,"France",44700.1384177544,1.48475796304424,2.17832,69.82,1537.31777634499,FALSE
"FM","R16","2","Multi-region: northern, eastern & western France","France","Europe","Multi- crop & pasture","Pasture & mixed cropping","Bat Education",0,"R16-2",2,0.333333333333333,"France",44700.1384177544,1.48475796304424,2.17832,69.82,1537.31777634499,FALSE
"FM","R16","2","Multi-region: northern, eastern & western France","France","Europe","Multi- crop & pasture","Pasture & mixed cropping","Artificial Water Sources",2,"R16-2",2,0.333333333333333,"France",44700.1384177544,1.48475796304424,2.17832,69.82,1537.31777634499,FALSE
"FM","R16","2","Multi-region: northern, eastern & western France","France","Europe","Multi- crop & pasture","Pasture & mixed cropping","Acoustic Bat Lure",0,"R16-2",2,0.333333333333333,"France",44700.1384177544,1.48475796304424,2.17832,69.82,1537.31777634499,FALSE
"FM","R16","3","Multi-region: Normandie, Occitanie, Vaucluse & Nouvelle-Aquitaine","France","Europe","Apple","Perennial fruit & forestry crops","Artificial Roost",1,"R16-3",4,0.666666666666667,"France",44700.1384177544,1.48475796304424,2.17832,69.82,1537.31777634499,FALSE
"FM","R16","3","Multi-region: Normandie, Occitanie, Vaucluse & Nouvelle-Aquitaine","France","Europe","Apple","Perennial fruit & forestry crops","Agrochemical Reduction",2,"R16-3",4,0.666666666666667,"France",44700.1384177544,1.48475796304424,2.17832,69.82,1537.31777634499,FALSE
"FM","R16","3","Multi-region: Normandie, Occitanie, Vaucluse & Nouvelle-Aquitaine","France","Europe","Apple","Perennial fruit & forestry crops","Revegetation",0,"R16-3",4,0.666666666666667,"France",44700.1384177544,1.48475796304424,2.17832,69.82,1537.31777634499,FALSE
"FM","R16","3","Multi-region: Normandie, Occitanie, Vaucluse & Nouvelle-Aquitaine","France","Europe","Apple","Perennial fruit & forestry crops","Bat Education",1,"R16-3",4,0.666666666666667,"France",44700.1384177544,1.48475796304424,2.17832,69.82,1537.31777634499,FALSE
"FM","R16","3","Multi-region: Normandie, Occitanie, Vaucluse & Nouvelle-Aquitaine","France","Europe","Apple","Perennial fruit & forestry crops","Artificial Water Sources",0,"R16-3",4,0.666666666666667,"France",44700.1384177544,1.48475796304424,2.17832,69.82,1537.31777634499,FALSE
"FM","R16","3","Multi-region: Normandie, Occitanie, Vaucluse & Nouvelle-Aquitaine","France","Europe","Apple","Perennial fruit & forestry crops","Acoustic Bat Lure",0,"R16-3",4,0.666666666666667,"France",44700.1384177544,1.48475796304424,2.17832,69.82,1537.31777634499,FALSE
"GM","R17","1","Texas","USA","North America","Cotton","Field crops","Artificial Roost",3,"R17-1",7,1.16666666666667,"United States",82586.7847707894,0.942961672907101,3.44716,58.54,5113.96640319801,FALSE
"GM","R17","1","Texas","USA","North America","Cotton","Field crops","Agrochemical Reduction",0,"R17-1",7,1.16666666666667,"United States",82586.7847707894,0.942961672907101,3.44716,58.54,5113.96640319801,FALSE
"GM","R17","1","Texas","USA","North America","Cotton","Field crops","Revegetation",0,"R17-1",7,1.16666666666667,"United States",82586.7847707894,0.942961672907101,3.44716,58.54,5113.96640319801,FALSE
"GM","R17","1","Texas","USA","North America","Cotton","Field crops","Bat Education",1,"R17-1",7,1.16666666666667,"United States",82586.7847707894,0.942961672907101,3.44716,58.54,5113.96640319801,FALSE
"GM","R17","1","Texas","USA","North America","Cotton","Field crops","Artificial Water Sources",0,"R17-1",7,1.16666666666667,"United States",82586.7847707894,0.942961672907101,3.44716,58.54,5113.96640319801,FALSE
"GM","R17","1","Texas","USA","North America","Cotton","Field crops","Acoustic Bat Lure",3,"R17-1",7,1.16666666666667,"United States",82586.7847707894,0.942961672907101,3.44716,58.54,5113.96640319801,FALSE
"GM","R17","2","Multi-region: Texas & Florida","USA","North America","Pecan","Perennial fruit & forestry crops","Artificial Roost",3,"R17-2",6,1,"United States",82586.7847707894,0.942961672907101,3.44716,58.54,5113.96640319801,FALSE
"GM","R17","2","Multi-region: Texas & Florida","USA","North America","Pecan","Perennial fruit & forestry crops","Agrochemical Reduction",2,"R17-2",6,1,"United States",82586.7847707894,0.942961672907101,3.44716,58.54,5113.96640319801,FALSE
"GM","R17","2","Multi-region: Texas & Florida","USA","North America","Pecan","Perennial fruit & forestry crops","Revegetation",0,"R17-2",6,1,"United States",82586.7847707894,0.942961672907101,3.44716,58.54,5113.96640319801,FALSE
"GM","R17","2","Multi-region: Texas & Florida","USA","North America","Pecan","Perennial fruit & forestry crops","Bat Education",1,"R17-2",6,1,"United States",82586.7847707894,0.942961672907101,3.44716,58.54,5113.96640319801,FALSE
"GM","R17","2","Multi-region: Texas & Florida","USA","North America","Pecan","Perennial fruit & forestry crops","Artificial Water Sources",0,"R17-2",6,1,"United States",82586.7847707894,0.942961672907101,3.44716,58.54,5113.96640319801,FALSE
"GM","R17","2","Multi-region: Texas & Florida","USA","North America","Pecan","Perennial fruit & forestry crops","Acoustic Bat Lure",0,"R17-2",6,1,"United States",82586.7847707894,0.942961672907101,3.44716,58.54,5113.96640319801,FALSE
"HK","R18","1","New South Wales","Australia","Australasia / Pacific","Cotton","Field crops","Artificial Roost",1,"R18-1",5,0.833333333333333,"Australia",65058.3773146674,2.57169831894523,1.85783,59.4,670.612655136355,FALSE
"HK","R18","1","New South Wales","Australia","Australasia / Pacific","Cotton","Field crops","Agrochemical Reduction",1,"R18-1",5,0.833333333333333,"Australia",65058.3773146674,2.57169831894523,1.85783,59.4,670.612655136355,FALSE
"HK","R18","1","New South Wales","Australia","Australasia / Pacific","Cotton","Field crops","Revegetation",2,"R18-1",5,0.833333333333333,"Australia",65058.3773146674,2.57169831894523,1.85783,59.4,670.612655136355,FALSE
"HK","R18","1","New South Wales","Australia","Australasia / Pacific","Cotton","Field crops","Bat Education",1,"R18-1",5,0.833333333333333,"Australia",65058.3773146674,2.57169831894523,1.85783,59.4,670.612655136355,FALSE
"HK","R18","1","New South Wales","Australia","Australasia / Pacific","Cotton","Field crops","Artificial Water Sources",0,"R18-1",5,0.833333333333333,"Australia",65058.3773146674,2.57169831894523,1.85783,59.4,670.612655136355,FALSE
"HK","R18","1","New South Wales","Australia","Australasia / Pacific","Cotton","Field crops","Acoustic Bat Lure",0,"R18-1",5,0.833333333333333,"Australia",65058.3773146674,2.57169831894523,1.85783,59.4,670.612655136355,FALSE
"HK","R18","2","New South Wales","Australia","Australasia / Pacific","Blueberries","Perennial fruit & forestry crops","Artificial Roost",0,"R18-2",3,0.5,"Australia",65058.3773146674,2.57169831894523,1.85783,59.4,670.612655136355,FALSE
"HK","R18","2","New South Wales","Australia","Australasia / Pacific","Blueberries","Perennial fruit & forestry crops","Agrochemical Reduction",0,"R18-2",3,0.5,"Australia",65058.3773146674,2.57169831894523,1.85783,59.4,670.612655136355,FALSE
"HK","R18","2","New South Wales","Australia","Australasia / Pacific","Blueberries","Perennial fruit & forestry crops","Revegetation",2,"R18-2",3,0.5,"Australia",65058.3773146674,2.57169831894523,1.85783,59.4,670.612655136355,FALSE
"HK","R18","2","New South Wales","Australia","Australasia / Pacific","Blueberries","Perennial fruit & forestry crops","Bat Education",1,"R18-2",3,0.5,"Australia",65058.3773146674,2.57169831894523,1.85783,59.4,670.612655136355,FALSE
"HK","R18","2","New South Wales","Australia","Australasia / Pacific","Blueberries","Perennial fruit & forestry crops","Artificial Water Sources",0,"R18-2",3,0.5,"Australia",65058.3773146674,2.57169831894523,1.85783,59.4,670.612655136355,FALSE
"HK","R18","2","New South Wales","Australia","Australasia / Pacific","Blueberries","Perennial fruit & forestry crops","Acoustic Bat Lure",0,"R18-2",3,0.5,"Australia",65058.3773146674,2.57169831894523,1.85783,59.4,670.612655136355,FALSE
"HR","R19","1","Alentejo","Portugal","Europe","Vineyard","Vineyard","Artificial Roost",2,"R19-1",8,1.33333333333333,"Portugal",27634.6183139773,2.13721069426312,1.69491,62.74,89.0575630399789,FALSE
"HR","R19","1","Alentejo","Portugal","Europe","Vineyard","Vineyard","Agrochemical Reduction",2,"R19-1",8,1.33333333333333,"Portugal",27634.6183139773,2.13721069426312,1.69491,62.74,89.0575630399789,FALSE
"HR","R19","1","Alentejo","Portugal","Europe","Vineyard","Vineyard","Revegetation",2,"R19-1",8,1.33333333333333,"Portugal",27634.6183139773,2.13721069426312,1.69491,62.74,89.0575630399789,FALSE
"HR","R19","1","Alentejo","Portugal","Europe","Vineyard","Vineyard","Bat Education",1,"R19-1",8,1.33333333333333,"Portugal",27634.6183139773,2.13721069426312,1.69491,62.74,89.0575630399789,FALSE
"HR","R19","1","Alentejo","Portugal","Europe","Vineyard","Vineyard","Artificial Water Sources",1,"R19-1",8,1.33333333333333,"Portugal",27634.6183139773,2.13721069426312,1.69491,62.74,89.0575630399789,FALSE
"HR","R19","1","Alentejo","Portugal","Europe","Vineyard","Vineyard","Acoustic Bat Lure",0,"R19-1",8,1.33333333333333,"Portugal",27634.6183139773,2.13721069426312,1.69491,62.74,89.0575630399789,FALSE
"HR","R19","2","Central Portugal","Portugal","Europe","Pine","Perennial fruit & forestry crops","Artificial Roost",1,"R19-2",3,0.5,"Portugal",27634.6183139773,2.13721069426312,1.69491,62.74,89.0575630399789,FALSE
"HR","R19","2","Central Portugal","Portugal","Europe","Pine","Perennial fruit & forestry crops","Agrochemical Reduction",0,"R19-2",3,0.5,"Portugal",27634.6183139773,2.13721069426312,1.69491,62.74,89.0575630399789,FALSE
"HR","R19","2","Central Portugal","Portugal","Europe","Pine","Perennial fruit & forestry crops","Revegetation",1,"R19-2",3,0.5,"Portugal",27634.6183139773,2.13721069426312,1.69491,62.74,89.0575630399789,FALSE
"HR","R19","2","Central Portugal","Portugal","Europe","Pine","Perennial fruit & forestry crops","Bat Education",1,"R19-2",3,0.5,"Portugal",27634.6183139773,2.13721069426312,1.69491,62.74,89.0575630399789,FALSE
"HR","R19","2","Central Portugal","Portugal","Europe","Pine","Perennial fruit & forestry crops","Artificial Water Sources",0,"R19-2",3,0.5,"Portugal",27634.6183139773,2.13721069426312,1.69491,62.74,89.0575630399789,FALSE
"HR","R19","2","Central Portugal","Portugal","Europe","Pine","Perennial fruit & forestry crops","Acoustic Bat Lure",0,"R19-2",3,0.5,"Portugal",27634.6183139773,2.13721069426312,1.69491,62.74,89.0575630399789,FALSE
"HW","R20","1","Multi-region: shandong province, shannxi province & yunnan province","China","East Asia","Apple","Perennial fruit & forestry crops","Artificial Roost",1,"R20-1",1,0.166666666666667,"China",12951.1782397043,6.88951941080068,2.57729,33.88,7963.6834961115,FALSE
"HW","R20","1","Multi-region: shandong province, shannxi province & yunnan province","China","East Asia","Apple","Perennial fruit & forestry crops","Agrochemical Reduction",0,"R20-1",1,0.166666666666667,"China",12951.1782397043,6.88951941080068,2.57729,33.88,7963.6834961115,FALSE
"HW","R20","1","Multi-region: shandong province, shannxi province & yunnan province","China","East Asia","Apple","Perennial fruit & forestry crops","Revegetation",0,"R20-1",1,0.166666666666667,"China",12951.1782397043,6.88951941080068,2.57729,33.88,7963.6834961115,FALSE
"HW","R20","1","Multi-region: shandong province, shannxi province & yunnan province","China","East Asia","Apple","Perennial fruit & forestry crops","Bat Education",0,"R20-1",1,0.166666666666667,"China",12951.1782397043,6.88951941080068,2.57729,33.88,7963.6834961115,FALSE
"HW","R20","1","Multi-region: shandong province, shannxi province & yunnan province","China","East Asia","Apple","Perennial fruit & forestry crops","Artificial Water Sources",0,"R20-1",1,0.166666666666667,"China",12951.1782397043,6.88951941080068,2.57729,33.88,7963.6834961115,FALSE
"HW","R20","1","Multi-region: shandong province, shannxi province & yunnan province","China","East Asia","Apple","Perennial fruit & forestry crops","Acoustic Bat Lure",0,"R20-1",1,0.166666666666667,"China",12951.1782397043,6.88951941080068,2.57729,33.88,7963.6834961115,FALSE
"JM","R21","1","Auckland","New Zealand","Australasia / Pacific","Multi- crop & pasture","Pasture & mixed cropping","Artificial Roost",1,"R21-1",5,0.833333333333333,"New Zealand",49302.341876493,4.00852725247614,1.54848,55.45,328.003365423407,FALSE
"JM","R21","1","Auckland","New Zealand","Australasia / Pacific","Multi- crop & pasture","Pasture & mixed cropping","Agrochemical Reduction",2,"R21-1",5,0.833333333333333,"New Zealand",49302.341876493,4.00852725247614,1.54848,55.45,328.003365423407,FALSE
"JM","R21","1","Auckland","New Zealand","Australasia / Pacific","Multi- crop & pasture","Pasture & mixed cropping","Revegetation",2,"R21-1",5,0.833333333333333,"New Zealand",49302.341876493,4.00852725247614,1.54848,55.45,328.003365423407,FALSE
"JM","R21","1","Auckland","New Zealand","Australasia / Pacific","Multi- crop & pasture","Pasture & mixed cropping","Bat Education",0,"R21-1",5,0.833333333333333,"New Zealand",49302.341876493,4.00852725247614,1.54848,55.45,328.003365423407,FALSE
"JM","R21","1","Auckland","New Zealand","Australasia / Pacific","Multi- crop & pasture","Pasture & mixed cropping","Artificial Water Sources",0,"R21-1",5,0.833333333333333,"New Zealand",49302.341876493,4.00852725247614,1.54848,55.45,328.003365423407,FALSE
"JM","R21","1","Auckland","New Zealand","Australasia / Pacific","Multi- crop & pasture","Pasture & mixed cropping","Acoustic Bat Lure",0,"R21-1",5,0.833333333333333,"New Zealand",49302.341876493,4.00852725247614,1.54848,55.45,328.003365423407,FALSE
"JF","R22","1","Bourgogne-Franche-Comté","France","Europe","Multi- crop & pasture","Pasture & mixed cropping","Artificial Roost",0,"R22-1",1,0.166666666666667,"France",44700.1384177544,1.48475796304424,2.17832,69.82,1537.31777634499,FALSE
"JF","R22","1","Bourgogne-Franche-Comté","France","Europe","Multi- crop & pasture","Pasture & mixed cropping","Agrochemical Reduction",0,"R22-1",1,0.166666666666667,"France",44700.1384177544,1.48475796304424,2.17832,69.82,1537.31777634499,FALSE
"JF","R22","1","Bourgogne-Franche-Comté","France","Europe","Multi- crop & pasture","Pasture & mixed cropping","Revegetation",1,"R22-1",1,0.166666666666667,"France",44700.1384177544,1.48475796304424,2.17832,69.82,1537.31777634499,FALSE
"JF","R22","1","Bourgogne-Franche-Comté","France","Europe","Multi- crop & pasture","Pasture & mixed cropping","Bat Education",0,"R22-1",1,0.166666666666667,"France",44700.1384177544,1.48475796304424,2.17832,69.82,1537.31777634499,FALSE
"JF","R22","1","Bourgogne-Franche-Comté","France","Europe","Multi- crop & pasture","Pasture & mixed cropping","Artificial Water Sources",0,"R22-1",1,0.166666666666667,"France",44700.1384177544,1.48475796304424,2.17832,69.82,1537.31777634499,FALSE
"JF","R22","1","Bourgogne-Franche-Comté","France","Europe","Multi- crop & pasture","Pasture & mixed cropping","Acoustic Bat Lure",0,"R22-1",1,0.166666666666667,"France",44700.1384177544,1.48475796304424,2.17832,69.82,1537.31777634499,FALSE
"JF","R23","2","Multi-region: Occitanie & Nouvelle-Aquitaine","France","Europe","Vineyard","Vineyard","Artificial Roost",2,"R23-2",7,1.16666666666667,"France",44700.1384177544,1.48475796304424,2.17832,69.82,1537.31777634499,FALSE
"JF","R23","2","Multi-region: Occitanie & Nouvelle-Aquitaine","France","Europe","Vineyard","Vineyard","Agrochemical Reduction",3,"R23-2",7,1.16666666666667,"France",44700.1384177544,1.48475796304424,2.17832,69.82,1537.31777634499,FALSE
"JF","R23","2","Multi-region: Occitanie & Nouvelle-Aquitaine","France","Europe","Vineyard","Vineyard","Revegetation",0,"R23-2",7,1.16666666666667,"France",44700.1384177544,1.48475796304424,2.17832,69.82,1537.31777634499,FALSE
"JF","R23","2","Multi-region: Occitanie & Nouvelle-Aquitaine","France","Europe","Vineyard","Vineyard","Bat Education",1,"R23-2",7,1.16666666666667,"France",44700.1384177544,1.48475796304424,2.17832,69.82,1537.31777634499,FALSE
"JF","R23","2","Multi-region: Occitanie & Nouvelle-Aquitaine","France","Europe","Vineyard","Vineyard","Artificial Water Sources",1,"R23-2",7,1.16666666666667,"France",44700.1384177544,1.48475796304424,2.17832,69.82,1537.31777634499,FALSE
"JF","R23","2","Multi-region: Occitanie & Nouvelle-Aquitaine","France","Europe","Vineyard","Vineyard","Acoustic Bat Lure",0,"R23-2",7,1.16666666666667,"France",44700.1384177544,1.48475796304424,2.17832,69.82,1537.31777634499,FALSE
"JN","R24","1","Hualien County","Taiwan","East Asia","Rice","Grain crops","Artificial Roost",0,"R24-1",1,0.166666666666667,"Taiwan, China",12951.1782397043,6.88951941080068,2.57729,33.88,598.358884272946,TRUE
"JN","R24","1","Hualien County","Taiwan","East Asia","Rice","Grain crops","Agrochemical Reduction",1,"R24-1",1,0.166666666666667,"Taiwan, China",12951.1782397043,6.88951941080068,2.57729,33.88,598.358884272946,TRUE
"JN","R24","1","Hualien County","Taiwan","East Asia","Rice","Grain crops","Revegetation",0,"R24-1",1,0.166666666666667,"Taiwan, China",12951.1782397043,6.88951941080068,2.57729,33.88,598.358884272946,TRUE
"JN","R24","1","Hualien County","Taiwan","East Asia","Rice","Grain crops","Bat Education",0,"R24-1",1,0.166666666666667,"Taiwan, China",12951.1782397043,6.88951941080068,2.57729,33.88,598.358884272946,TRUE
"JN","R24","1","Hualien County","Taiwan","East Asia","Rice","Grain crops","Artificial Water Sources",0,"R24-1",1,0.166666666666667,"Taiwan, China",12951.1782397043,6.88951941080068,2.57729,33.88,598.358884272946,TRUE
"JN","R24","1","Hualien County","Taiwan","East Asia","Rice","Grain crops","Acoustic Bat Lure",0,"R24-1",1,0.166666666666667,"Taiwan, China",12951.1782397043,6.88951941080068,2.57729,33.88,598.358884272946,TRUE
"JH","R25","1","Alentejo","Portugal","Europe","Olive groves","Perennial fruit & forestry crops","Artificial Roost",3,"R25-1",11,1.83333333333333,"Portugal",27634.6183139773,2.13721069426312,1.69491,62.74,89.0575630399789,FALSE
"JH","R25","1","Alentejo","Portugal","Europe","Olive groves","Perennial fruit & forestry crops","Agrochemical Reduction",2,"R25-1",11,1.83333333333333,"Portugal",27634.6183139773,2.13721069426312,1.69491,62.74,89.0575630399789,FALSE
"JH","R25","1","Alentejo","Portugal","Europe","Olive groves","Perennial fruit & forestry crops","Revegetation",3,"R25-1",11,1.83333333333333,"Portugal",27634.6183139773,2.13721069426312,1.69491,62.74,89.0575630399789,FALSE
"JH","R25","1","Alentejo","Portugal","Europe","Olive groves","Perennial fruit & forestry crops","Bat Education",1,"R25-1",11,1.83333333333333,"Portugal",27634.6183139773,2.13721069426312,1.69491,62.74,89.0575630399789,FALSE
"JH","R25","1","Alentejo","Portugal","Europe","Olive groves","Perennial fruit & forestry crops","Artificial Water Sources",2,"R25-1",11,1.83333333333333,"Portugal",27634.6183139773,2.13721069426312,1.69491,62.74,89.0575630399789,FALSE
"JH","R25","1","Alentejo","Portugal","Europe","Olive groves","Perennial fruit & forestry crops","Acoustic Bat Lure",0,"R25-1",11,1.83333333333333,"Portugal",27634.6183139773,2.13721069426312,1.69491,62.74,89.0575630399789,FALSE
"LA","R26","1","Tuscany","Italy","Europe","Olive groves","Perennial fruit & forestry crops","Artificial Roost",0,"R26-1",2,0.333333333333333,"Italy",39279.699782164,1.8596431753596,1.37935,61.56,952.713803909769,FALSE
"LA","R26","1","Tuscany","Italy","Europe","Olive groves","Perennial fruit & forestry crops","Agrochemical Reduction",1,"R26-1",2,0.333333333333333,"Italy",39279.699782164,1.8596431753596,1.37935,61.56,952.713803909769,FALSE
"LA","R26","1","Tuscany","Italy","Europe","Olive groves","Perennial fruit & forestry crops","Revegetation",0,"R26-1",2,0.333333333333333,"Italy",39279.699782164,1.8596431753596,1.37935,61.56,952.713803909769,FALSE
"LA","R26","1","Tuscany","Italy","Europe","Olive groves","Perennial fruit & forestry crops","Bat Education",1,"R26-1",2,0.333333333333333,"Italy",39279.699782164,1.8596431753596,1.37935,61.56,952.713803909769,FALSE
"LA","R26","1","Tuscany","Italy","Europe","Olive groves","Perennial fruit & forestry crops","Artificial Water Sources",0,"R26-1",2,0.333333333333333,"Italy",39279.699782164,1.8596431753596,1.37935,61.56,952.713803909769,FALSE
"LA","R26","1","Tuscany","Italy","Europe","Olive groves","Perennial fruit & forestry crops","Acoustic Bat Lure",0,"R26-1",2,0.333333333333333,"Italy",39279.699782164,1.8596431753596,1.37935,61.56,952.713803909769,FALSE
"LA","R26","2","Lazio","Italy","Europe","Multi- grain & vegetable","Pasture & mixed cropping","Artificial Roost",2,"R26-2",5,0.833333333333333,"Italy",39279.699782164,1.8596431753596,1.37935,61.56,952.713803909769,FALSE
"LA","R26","2","Lazio","Italy","Europe","Multi- grain & vegetable","Pasture & mixed cropping","Agrochemical Reduction",1,"R26-2",5,0.833333333333333,"Italy",39279.699782164,1.8596431753596,1.37935,61.56,952.713803909769,FALSE
"LA","R26","2","Lazio","Italy","Europe","Multi- grain & vegetable","Pasture & mixed cropping","Revegetation",0,"R26-2",5,0.833333333333333,"Italy",39279.699782164,1.8596431753596,1.37935,61.56,952.713803909769,FALSE
"LA","R26","2","Lazio","Italy","Europe","Multi- grain & vegetable","Pasture & mixed cropping","Bat Education",1,"R26-2",5,0.833333333333333,"Italy",39279.699782164,1.8596431753596,1.37935,61.56,952.713803909769,FALSE
"LA","R26","2","Lazio","Italy","Europe","Multi- grain & vegetable","Pasture & mixed cropping","Artificial Water Sources",1,"R26-2",5,0.833333333333333,"Italy",39279.699782164,1.8596431753596,1.37935,61.56,952.713803909769,FALSE
"LA","R26","2","Lazio","Italy","Europe","Multi- grain & vegetable","Pasture & mixed cropping","Acoustic Bat Lure",0,"R26-2",5,0.833333333333333,"Italy",39279.699782164,1.8596431753596,1.37935,61.56,952.713803909769,FALSE
"MC","R28","1","New South Wales","Australia","Australasia / Pacific","Cotton","Field crops","Artificial Roost",0,"R28-1",4,0.666666666666667,"Australia",65058.3773146674,2.57169831894523,1.85783,59.4,670.612655136355,FALSE
"MC","R28","1","New South Wales","Australia","Australasia / Pacific","Cotton","Field crops","Agrochemical Reduction",1,"R28-1",4,0.666666666666667,"Australia",65058.3773146674,2.57169831894523,1.85783,59.4,670.612655136355,FALSE
"MC","R28","1","New South Wales","Australia","Australasia / Pacific","Cotton","Field crops","Revegetation",1,"R28-1",4,0.666666666666667,"Australia",65058.3773146674,2.57169831894523,1.85783,59.4,670.612655136355,FALSE
"MC","R28","1","New South Wales","Australia","Australasia / Pacific","Cotton","Field crops","Bat Education",1,"R28-1",4,0.666666666666667,"Australia",65058.3773146674,2.57169831894523,1.85783,59.4,670.612655136355,FALSE
"MC","R28","1","New South Wales","Australia","Australasia / Pacific","Cotton","Field crops","Artificial Water Sources",1,"R28-1",4,0.666666666666667,"Australia",65058.3773146674,2.57169831894523,1.85783,59.4,670.612655136355,FALSE
"MC","R28","1","New South Wales","Australia","Australasia / Pacific","Cotton","Field crops","Acoustic Bat Lure",0,"R28-1",4,0.666666666666667,"Australia",65058.3773146674,2.57169831894523,1.85783,59.4,670.612655136355,FALSE
"N","R29","1","Zacatecas","Mexico","Latin America / Caribbean","Multi- crop","Pasture & mixed cropping","Artificial Roost",2,"R29-1",4,0.666666666666667,"Mexico",13830.843848864,3.84569758598285,0.26746,46.09,508.188663304649,FALSE
"N","R29","1","Zacatecas","Mexico","Latin America / Caribbean","Multi- crop","Pasture & mixed cropping","Agrochemical Reduction",0,"R29-1",4,0.666666666666667,"Mexico",13830.843848864,3.84569758598285,0.26746,46.09,508.188663304649,FALSE
"N","R29","1","Zacatecas","Mexico","Latin America / Caribbean","Multi- crop","Pasture & mixed cropping","Revegetation",1,"R29-1",4,0.666666666666667,"Mexico",13830.843848864,3.84569758598285,0.26746,46.09,508.188663304649,FALSE
"N","R29","1","Zacatecas","Mexico","Latin America / Caribbean","Multi- crop","Pasture & mixed cropping","Bat Education",1,"R29-1",4,0.666666666666667,"Mexico",13830.843848864,3.84569758598285,0.26746,46.09,508.188663304649,FALSE
"N","R29","1","Zacatecas","Mexico","Latin America / Caribbean","Multi- crop","Pasture & mixed cropping","Artificial Water Sources",0,"R29-1",4,0.666666666666667,"Mexico",13830.843848864,3.84569758598285,0.26746,46.09,508.188663304649,FALSE
"N","R29","1","Zacatecas","Mexico","Latin America / Caribbean","Multi- crop","Pasture & mixed cropping","Acoustic Bat Lure",0,"R29-1",4,0.666666666666667,"Mexico",13830.843848864,3.84569758598285,0.26746,46.09,508.188663304649,FALSE
"PT","R30","1","Multi-region: Limpopo & Free State","South Africa","Africa","Litchees","Perennial fruit & forestry crops","Artificial Roost",2,"R30-1",3,0.5,"South Africa",6034.27208964673,2.53517112309848,0.61479,37.6,243.487133597788,FALSE
"PT","R30","1","Multi-region: Limpopo & Free State","South Africa","Africa","Litchees","Perennial fruit & forestry crops","Agrochemical Reduction",0,"R30-1",3,0.5,"South Africa",6034.27208964673,2.53517112309848,0.61479,37.6,243.487133597788,FALSE
"PT","R30","1","Multi-region: Limpopo & Free State","South Africa","Africa","Litchees","Perennial fruit & forestry crops","Revegetation",0,"R30-1",3,0.5,"South Africa",6034.27208964673,2.53517112309848,0.61479,37.6,243.487133597788,FALSE
"PT","R30","1","Multi-region: Limpopo & Free State","South Africa","Africa","Litchees","Perennial fruit & forestry crops","Bat Education",1,"R30-1",3,0.5,"South Africa",6034.27208964673,2.53517112309848,0.61479,37.6,243.487133597788,FALSE
"PT","R30","1","Multi-region: Limpopo & Free State","South Africa","Africa","Litchees","Perennial fruit & forestry crops","Artificial Water Sources",0,"R30-1",3,0.5,"South Africa",6034.27208964673,2.53517112309848,0.61479,37.6,243.487133597788,FALSE
"PT","R30","1","Multi-region: Limpopo & Free State","South Africa","Africa","Litchees","Perennial fruit & forestry crops","Acoustic Bat Lure",0,"R30-1",3,0.5,"South Africa",6034.27208964673,2.53517112309848,0.61479,37.6,243.487133597788,FALSE
"PT","R30","2","Multi-region: Limpopo & Free State","South Africa","Africa","Macadamia","Perennial fruit & forestry crops","Artificial Roost",1,"R30-2",2,0.333333333333333,"South Africa",6034.27208964673,2.53517112309848,0.61479,37.6,243.487133597788,FALSE
"PT","R30","2","Multi-region: Limpopo & Free State","South Africa","Africa","Macadamia","Perennial fruit & forestry crops","Agrochemical Reduction",0,"R30-2",2,0.333333333333333,"South Africa",6034.27208964673,2.53517112309848,0.61479,37.6,243.487133597788,FALSE
"PT","R30","2","Multi-region: Limpopo & Free State","South Africa","Africa","Macadamia","Perennial fruit & forestry crops","Revegetation",0,"R30-2",2,0.333333333333333,"South Africa",6034.27208964673,2.53517112309848,0.61479,37.6,243.487133597788,FALSE
"PT","R30","2","Multi-region: Limpopo & Free State","South Africa","Africa","Macadamia","Perennial fruit & forestry crops","Bat Education",1,"R30-2",2,0.333333333333333,"South Africa",6034.27208964673,2.53517112309848,0.61479,37.6,243.487133597788,FALSE
"PT","R30","2","Multi-region: Limpopo & Free State","South Africa","Africa","Macadamia","Perennial fruit & forestry crops","Artificial Water Sources",0,"R30-2",2,0.333333333333333,"South Africa",6034.27208964673,2.53517112309848,0.61479,37.6,243.487133597788,FALSE
"PT","R30","2","Multi-region: Limpopo & Free State","South Africa","Africa","Macadamia","Perennial fruit & forestry crops","Acoustic Bat Lure",0,"R30-2",2,0.333333333333333,"South Africa",6034.27208964673,2.53517112309848,0.61479,37.6,243.487133597788,FALSE
"RD","R31","1","Queensland","Australia","Australasia / Pacific","Macadamia","Perennial fruit & forestry crops","Artificial Roost",0,"R31-1",1,0.166666666666667,"Australia",65058.3773146674,2.57169831894523,1.85783,59.4,670.612655136355,FALSE
"RD","R31","1","Queensland","Australia","Australasia / Pacific","Macadamia","Perennial fruit & forestry crops","Agrochemical Reduction",0,"R31-1",1,0.166666666666667,"Australia",65058.3773146674,2.57169831894523,1.85783,59.4,670.612655136355,FALSE
"RD","R31","1","Queensland","Australia","Australasia / Pacific","Macadamia","Perennial fruit & forestry crops","Revegetation",0,"R31-1",1,0.166666666666667,"Australia",65058.3773146674,2.57169831894523,1.85783,59.4,670.612655136355,FALSE
"RD","R31","1","Queensland","Australia","Australasia / Pacific","Macadamia","Perennial fruit & forestry crops","Bat Education",1,"R31-1",1,0.166666666666667,"Australia",65058.3773146674,2.57169831894523,1.85783,59.4,670.612655136355,FALSE
"RD","R31","1","Queensland","Australia","Australasia / Pacific","Macadamia","Perennial fruit & forestry crops","Artificial Water Sources",0,"R31-1",1,0.166666666666667,"Australia",65058.3773146674,2.57169831894523,1.85783,59.4,670.612655136355,FALSE
"RD","R31","1","Queensland","Australia","Australasia / Pacific","Macadamia","Perennial fruit & forestry crops","Acoustic Bat Lure",0,"R31-1",1,0.166666666666667,"Australia",65058.3773146674,2.57169831894523,1.85783,59.4,670.612655136355,FALSE
"SZ","R32","1","Central-Transdanubian Region","Hungary","Europe","Vineyard","Vineyard","Artificial Roost",0,"R32-1",3,0.5,"Hungary",22208.6509820466,2.92753080419927,1.37748,54.78,87.9120872804346,FALSE
"SZ","R32","1","Central-Transdanubian Region","Hungary","Europe","Vineyard","Vineyard","Agrochemical Reduction",3,"R32-1",3,0.5,"Hungary",22208.6509820466,2.92753080419927,1.37748,54.78,87.9120872804346,FALSE
"SZ","R32","1","Central-Transdanubian Region","Hungary","Europe","Vineyard","Vineyard","Revegetation",0,"R32-1",3,0.5,"Hungary",22208.6509820466,2.92753080419927,1.37748,54.78,87.9120872804346,FALSE
"SZ","R32","1","Central-Transdanubian Region","Hungary","Europe","Vineyard","Vineyard","Bat Education",0,"R32-1",3,0.5,"Hungary",22208.6509820466,2.92753080419927,1.37748,54.78,87.9120872804346,FALSE
"SZ","R32","1","Central-Transdanubian Region","Hungary","Europe","Vineyard","Vineyard","Artificial Water Sources",0,"R32-1",3,0.5,"Hungary",22208.6509820466,2.92753080419927,1.37748,54.78,87.9120872804346,FALSE
"SZ","R32","1","Central-Transdanubian Region","Hungary","Europe","Vineyard","Vineyard","Acoustic Bat Lure",0,"R32-1",3,0.5,"Hungary",22208.6509820466,2.92753080419927,1.37748,54.78,87.9120872804346,FALSE
"ST","R33","1","Vanua Levu","Fiji","Australasia / Pacific","Multi- crop","Pasture & mixed cropping","Artificial Roost",0,"R33-1",3,0.5,"Fiji",5926.20586394763,12.8245910153207,NA,35.54,7.35270425185661,FALSE
"ST","R33","1","Vanua Levu","Fiji","Australasia / Pacific","Multi- crop","Pasture & mixed cropping","Agrochemical Reduction",0,"R33-1",3,0.5,"Fiji",5926.20586394763,12.8245910153207,NA,35.54,7.35270425185661,FALSE
"ST","R33","1","Vanua Levu","Fiji","Australasia / Pacific","Multi- crop","Pasture & mixed cropping","Revegetation",1,"R33-1",3,0.5,"Fiji",5926.20586394763,12.8245910153207,NA,35.54,7.35270425185661,FALSE
"ST","R33","1","Vanua Levu","Fiji","Australasia / Pacific","Multi- crop","Pasture & mixed cropping","Bat Education",2,"R33-1",3,0.5,"Fiji",5926.20586394763,12.8245910153207,NA,35.54,7.35270425185661,FALSE
"ST","R33","1","Vanua Levu","Fiji","Australasia / Pacific","Multi- crop","Pasture & mixed cropping","Artificial Water Sources",0,"R33-1",3,0.5,"Fiji",5926.20586394763,12.8245910153207,NA,35.54,7.35270425185661,FALSE
"ST","R33","1","Vanua Levu","Fiji","Australasia / Pacific","Multi- crop","Pasture & mixed cropping","Acoustic Bat Lure",0,"R33-1",3,0.5,"Fiji",5926.20586394763,12.8245910153207,NA,35.54,7.35270425185661,FALSE
"SP","R34","1","Multi-country: Australia &New Zealand","Australia & New Zealand","Australasia / Pacific","Multi- crop","Pasture & mixed cropping","Artificial Roost",0,"R34-1",3,0.5,"Australia",65058.3773146674,2.57169831894523,1.85783,59.4,670.612655136355,FALSE
"SP","R34","1","Multi-country: Australia &New Zealand","Australia & New Zealand","Australasia / Pacific","Multi- crop","Pasture & mixed cropping","Agrochemical Reduction",0,"R34-1",3,0.5,"Australia",65058.3773146674,2.57169831894523,1.85783,59.4,670.612655136355,FALSE
"SP","R34","1","Multi-country: Australia &New Zealand","Australia & New Zealand","Australasia / Pacific","Multi- crop","Pasture & mixed cropping","Revegetation",0,"R34-1",3,0.5,"Australia",65058.3773146674,2.57169831894523,1.85783,59.4,670.612655136355,FALSE
"SP","R34","1","Multi-country: Australia &New Zealand","Australia & New Zealand","Australasia / Pacific","Multi- crop","Pasture & mixed cropping","Bat Education",3,"R34-1",3,0.5,"Australia",65058.3773146674,2.57169831894523,1.85783,59.4,670.612655136355,FALSE
"SP","R34","1","Multi-country: Australia &New Zealand","Australia & New Zealand","Australasia / Pacific","Multi- crop","Pasture & mixed cropping","Artificial Water Sources",0,"R34-1",3,0.5,"Australia",65058.3773146674,2.57169831894523,1.85783,59.4,670.612655136355,FALSE
"SP","R34","1","Multi-country: Australia &New Zealand","Australia & New Zealand","Australasia / Pacific","Multi- crop","Pasture & mixed cropping","Acoustic Bat Lure",0,"R34-1",3,0.5,"Australia",65058.3773146674,2.57169831894523,1.85783,59.4,670.612655136355,FALSE
"TT","R35","2","Piura","Peru","Latin America / Caribbean","Agroforestry cacao","Agroforestry cacao","Artificial Roost",0,"R35-2",5,0.833333333333333,"Peru",7919.04634828547,7.22315955429279,0.17611,41.01,93.727296106182,FALSE
"TT","R35","2","Piura","Peru","Latin America / Caribbean","Agroforestry cacao","Agroforestry cacao","Agrochemical Reduction",3,"R35-2",5,0.833333333333333,"Peru",7919.04634828547,7.22315955429279,0.17611,41.01,93.727296106182,FALSE
"TT","R35","2","Piura","Peru","Latin America / Caribbean","Agroforestry cacao","Agroforestry cacao","Revegetation",0,"R35-2",5,0.833333333333333,"Peru",7919.04634828547,7.22315955429279,0.17611,41.01,93.727296106182,FALSE
"TT","R35","2","Piura","Peru","Latin America / Caribbean","Agroforestry cacao","Agroforestry cacao","Bat Education",2,"R35-2",5,0.833333333333333,"Peru",7919.04634828547,7.22315955429279,0.17611,41.01,93.727296106182,FALSE
"TT","R35","2","Piura","Peru","Latin America / Caribbean","Agroforestry cacao","Agroforestry cacao","Artificial Water Sources",0,"R35-2",5,0.833333333333333,"Peru",7919.04634828547,7.22315955429279,0.17611,41.01,93.727296106182,FALSE
"TT","R35","2","Piura","Peru","Latin America / Caribbean","Agroforestry cacao","Agroforestry cacao","Acoustic Bat Lure",0,"R35-2",5,0.833333333333333,"Peru",7919.04634828547,7.22315955429279,0.17611,41.01,93.727296106182,FALSE
"TT","R35","3","Limpopo","South Africa","Africa","Macadamia","Perennial fruit & forestry crops","Artificial Roost",2,"R35-3",4,0.666666666666667,"South Africa",6034.27208964673,2.53517112309848,0.61479,37.6,243.487133597788,FALSE
"TT","R35","3","Limpopo","South Africa","Africa","Macadamia","Perennial fruit & forestry crops","Agrochemical Reduction",0,"R35-3",4,0.666666666666667,"South Africa",6034.27208964673,2.53517112309848,0.61479,37.6,243.487133597788,FALSE
"TT","R35","3","Limpopo","South Africa","Africa","Macadamia","Perennial fruit & forestry crops","Revegetation",0,"R35-3",4,0.666666666666667,"South Africa",6034.27208964673,2.53517112309848,0.61479,37.6,243.487133597788,FALSE
"TT","R35","3","Limpopo","South Africa","Africa","Macadamia","Perennial fruit & forestry crops","Bat Education",2,"R35-3",4,0.666666666666667,"South Africa",6034.27208964673,2.53517112309848,0.61479,37.6,243.487133597788,FALSE
"TT","R35","3","Limpopo","South Africa","Africa","Macadamia","Perennial fruit & forestry crops","Artificial Water Sources",0,"R35-3",4,0.666666666666667,"South Africa",6034.27208964673,2.53517112309848,0.61479,37.6,243.487133597788,FALSE
"TT","R35","3","Limpopo","South Africa","Africa","Macadamia","Perennial fruit & forestry crops","Acoustic Bat Lure",0,"R35-3",4,0.666666666666667,"South Africa",6034.27208964673,2.53517112309848,0.61479,37.6,243.487133597788,FALSE
"TT","R35","1","Central Sulawesi","Indonesia","South / Southeast Asia","Agroforestry cacao","Agroforestry cacao","Artificial Roost",0,"R35-1",1,0.166666666666667,"Indonesia",4876.2992959843,12.5294431866213,0.28068,26.24,632.633100360358,FALSE
"TT","R35","1","Central Sulawesi","Indonesia","South / Southeast Asia","Agroforestry cacao","Agroforestry cacao","Agrochemical Reduction",0,"R35-1",1,0.166666666666667,"Indonesia",4876.2992959843,12.5294431866213,0.28068,26.24,632.633100360358,FALSE
"TT","R35","1","Central Sulawesi","Indonesia","South / Southeast Asia","Agroforestry cacao","Agroforestry cacao","Revegetation",0,"R35-1",1,0.166666666666667,"Indonesia",4876.2992959843,12.5294431866213,0.28068,26.24,632.633100360358,FALSE
"TT","R35","1","Central Sulawesi","Indonesia","South / Southeast Asia","Agroforestry cacao","Agroforestry cacao","Bat Education",1,"R35-1",1,0.166666666666667,"Indonesia",4876.2992959843,12.5294431866213,0.28068,26.24,632.633100360358,FALSE
"TT","R35","1","Central Sulawesi","Indonesia","South / Southeast Asia","Agroforestry cacao","Agroforestry cacao","Artificial Water Sources",0,"R35-1",1,0.166666666666667,"Indonesia",4876.2992959843,12.5294431866213,0.28068,26.24,632.633100360358,FALSE
"TT","R35","1","Central Sulawesi","Indonesia","South / Southeast Asia","Agroforestry cacao","Agroforestry cacao","Acoustic Bat Lure",0,"R35-1",1,0.166666666666667,"Indonesia",4876.2992959843,12.5294431866213,0.28068,26.24,632.633100360358,FALSE
"TJ","R36","1","Multi-region: Jilin province, yunnan province, henan province, shandong provinc & shanxi province","China","East Asia","Multi- crop","Pasture & mixed cropping","Artificial Roost",1,"R36-1",3,0.5,"China",12951.1782397043,6.88951941080068,2.57729,33.88,7963.6834961115,FALSE
"TJ","R36","1","Multi-region: Jilin province, yunnan province, henan province, shandong provinc & shanxi province","China","East Asia","Multi- crop","Pasture & mixed cropping","Agrochemical Reduction",0,"R36-1",3,0.5,"China",12951.1782397043,6.88951941080068,2.57729,33.88,7963.6834961115,FALSE
"TJ","R36","1","Multi-region: Jilin province, yunnan province, henan province, shandong provinc & shanxi province","China","East Asia","Multi- crop","Pasture & mixed cropping","Revegetation",1,"R36-1",3,0.5,"China",12951.1782397043,6.88951941080068,2.57729,33.88,7963.6834961115,FALSE
"TJ","R36","1","Multi-region: Jilin province, yunnan province, henan province, shandong provinc & shanxi province","China","East Asia","Multi- crop","Pasture & mixed cropping","Bat Education",0,"R36-1",3,0.5,"China",12951.1782397043,6.88951941080068,2.57729,33.88,7963.6834961115,FALSE
"TJ","R36","1","Multi-region: Jilin province, yunnan province, henan province, shandong provinc & shanxi province","China","East Asia","Multi- crop","Pasture & mixed cropping","Artificial Water Sources",1,"R36-1",3,0.5,"China",12951.1782397043,6.88951941080068,2.57729,33.88,7963.6834961115,FALSE
"TJ","R36","1","Multi-region: Jilin province, yunnan province, henan province, shandong provinc & shanxi province","China","East Asia","Multi- crop","Pasture & mixed cropping","Acoustic Bat Lure",0,"R36-1",3,0.5,"China",12951.1782397043,6.88951941080068,2.57729,33.88,7963.6834961115,FALSE
"XP","R37","1","Catalonia","Spain","Europe","Olive groves","Perennial fruit & forestry crops","Artificial Roost",1,"R37-1",6,1,"Spain",33493.2225409111,2.6062235563618,1.49362,66.28,634.407802466939,FALSE
"XP","R37","1","Catalonia","Spain","Europe","Olive groves","Perennial fruit & forestry crops","Agrochemical Reduction",1,"R37-1",6,1,"Spain",33493.2225409111,2.6062235563618,1.49362,66.28,634.407802466939,FALSE
"XP","R37","1","Catalonia","Spain","Europe","Olive groves","Perennial fruit & forestry crops","Revegetation",3,"R37-1",6,1,"Spain",33493.2225409111,2.6062235563618,1.49362,66.28,634.407802466939,FALSE
"XP","R37","1","Catalonia","Spain","Europe","Olive groves","Perennial fruit & forestry crops","Bat Education",1,"R37-1",6,1,"Spain",33493.2225409111,2.6062235563618,1.49362,66.28,634.407802466939,FALSE
"XP","R37","1","Catalonia","Spain","Europe","Olive groves","Perennial fruit & forestry crops","Artificial Water Sources",0,"R37-1",6,1,"Spain",33493.2225409111,2.6062235563618,1.49362,66.28,634.407802466939,FALSE
"XP","R37","1","Catalonia","Spain","Europe","Olive groves","Perennial fruit & forestry crops","Acoustic Bat Lure",0,"R37-1",6,1,"Spain",33493.2225409111,2.6062235563618,1.49362,66.28,634.407802466939,FALSE
"XP","R37","2","Catalonia","Spain","Europe","Rice","Grain crops","Artificial Roost",1,"R37-2",3,0.5,"Spain",33493.2225409111,2.6062235563618,1.49362,66.28,634.407802466939,FALSE
"XP","R37","2","Catalonia","Spain","Europe","Rice","Grain crops","Agrochemical Reduction",1,"R37-2",3,0.5,"Spain",33493.2225409111,2.6062235563618,1.49362,66.28,634.407802466939,FALSE
"XP","R37","2","Catalonia","Spain","Europe","Rice","Grain crops","Revegetation",0,"R37-2",3,0.5,"Spain",33493.2225409111,2.6062235563618,1.49362,66.28,634.407802466939,FALSE
"XP","R37","2","Catalonia","Spain","Europe","Rice","Grain crops","Bat Education",1,"R37-2",3,0.5,"Spain",33493.2225409111,2.6062235563618,1.49362,66.28,634.407802466939,FALSE
"XP","R37","2","Catalonia","Spain","Europe","Rice","Grain crops","Artificial Water Sources",0,"R37-2",3,0.5,"Spain",33493.2225409111,2.6062235563618,1.49362,66.28,634.407802466939,FALSE
"XP","R37","2","Catalonia","Spain","Europe","Rice","Grain crops","Acoustic Bat Lure",0,"R37-2",3,0.5,"Spain",33493.2225409111,2.6062235563618,1.49362,66.28,634.407802466939,FALSE
"XP","R37","3","Catalonia","Spain","Europe","Vineyard","Vineyard","Artificial Roost",2,"R37-3",5,0.833333333333333,"Spain",33493.2225409111,2.6062235563618,1.49362,66.28,634.407802466939,FALSE
"XP","R37","3","Catalonia","Spain","Europe","Vineyard","Vineyard","Agrochemical Reduction",1,"R37-3",5,0.833333333333333,"Spain",33493.2225409111,2.6062235563618,1.49362,66.28,634.407802466939,FALSE
"XP","R37","3","Catalonia","Spain","Europe","Vineyard","Vineyard","Revegetation",1,"R37-3",5,0.833333333333333,"Spain",33493.2225409111,2.6062235563618,1.49362,66.28,634.407802466939,FALSE
"XP","R37","3","Catalonia","Spain","Europe","Vineyard","Vineyard","Bat Education",1,"R37-3",5,0.833333333333333,"Spain",33493.2225409111,2.6062235563618,1.49362,66.28,634.407802466939,FALSE
"XP","R37","3","Catalonia","Spain","Europe","Vineyard","Vineyard","Artificial Water Sources",0,"R37-3",5,0.833333333333333,"Spain",33493.2225409111,2.6062235563618,1.49362,66.28,634.407802466939,FALSE
"XP","R37","3","Catalonia","Spain","Europe","Vineyard","Vineyard","Acoustic Bat Lure",0,"R37-3",5,0.833333333333333,"Spain",33493.2225409111,2.6062235563618,1.49362,66.28,634.407802466939,FALSE
"ZC & HK","R38","1","Multi-region: New South Wales & Victoria","Australia","Australasia / Pacific","Vineyard","Vineyard","Artificial Roost",0,"R38-1",3,0.5,"Australia",65058.3773146674,2.57169831894523,1.85783,59.4,670.612655136355,FALSE
"ZC & HK","R38","1","Multi-region: New South Wales & Victoria","Australia","Australasia / Pacific","Vineyard","Vineyard","Agrochemical Reduction",1,"R38-1",3,0.5,"Australia",65058.3773146674,2.57169831894523,1.85783,59.4,670.612655136355,FALSE
"ZC & HK","R38","1","Multi-region: New South Wales & Victoria","Australia","Australasia / Pacific","Vineyard","Vineyard","Revegetation",1,"R38-1",3,0.5,"Australia",65058.3773146674,2.57169831894523,1.85783,59.4,670.612655136355,FALSE
"ZC & HK","R38","1","Multi-region: New South Wales & Victoria","Australia","Australasia / Pacific","Vineyard","Vineyard","Bat Education",1,"R38-1",3,0.5,"Australia",65058.3773146674,2.57169831894523,1.85783,59.4,670.612655136355,FALSE
"ZC & HK","R38","1","Multi-region: New South Wales & Victoria","Australia","Australasia / Pacific","Vineyard","Vineyard","Artificial Water Sources",0,"R38-1",3,0.5,"Australia",65058.3773146674,2.57169831894523,1.85783,59.4,670.612655136355,FALSE
"ZC & HK","R38","1","Multi-region: New South Wales & Victoria","Australia","Australasia / Pacific","Vineyard","Vineyard","Acoustic Bat Lure",0,"R38-1",3,0.5,"Australia",65058.3773146674,2.57169831894523,1.85783,59.4,670.612655136355,FALSE
"HT","R39",NA,NA,NA,NA,NA,NA,"Artificial Roost",NA,"R39-NA",0,NA,NA,NA,NA,NA,NA,NA,NA
"HT","R39",NA,NA,NA,NA,NA,NA,"Agrochemical Reduction",NA,"R39-NA",0,NA,NA,NA,NA,NA,NA,NA,NA
"HT","R39",NA,NA,NA,NA,NA,NA,"Revegetation",NA,"R39-NA",0,NA,NA,NA,NA,NA,NA,NA,NA
"HT","R39",NA,NA,NA,NA,NA,NA,"Bat Education",NA,"R39-NA",0,NA,NA,NA,NA,NA,NA,NA,NA
"HT","R39",NA,NA,NA,NA,NA,NA,"Artificial Water Sources",NA,"R39-NA",0,NA,NA,NA,NA,NA,NA,NA,NA
"HT","R39",NA,NA,NA,NA,NA,NA,"Acoustic Bat Lure",NA,"R39-NA",0,NA,NA,NA,NA,NA,NA,NA,NA
"YL","R40",NA,NA,NA,NA,NA,NA,"Artificial Roost",NA,"R40-NA",0,0,NA,NA,NA,NA,NA,NA,NA
"YL","R40",NA,NA,NA,NA,NA,NA,"Agrochemical Reduction",NA,"R40-NA",0,0,NA,NA,NA,NA,NA,NA,NA
"YL","R40",NA,NA,NA,NA,NA,NA,"Revegetation",NA,"R40-NA",0,0,NA,NA,NA,NA,NA,NA,NA
"YL","R40",NA,NA,NA,NA,NA,NA,"Bat Education",NA,"R40-NA",0,0,NA,NA,NA,NA,NA,NA,NA
"YL","R40",NA,NA,NA,NA,NA,NA,"Artificial Water Sources",0,"R40-NA",0,0,NA,NA,NA,NA,NA,NA,NA
"YL","R40",NA,NA,NA,NA,NA,NA,"Acoustic Bat Lure",0,"R40-NA",0,0,NA,NA,NA,NA,NA,NA,NA
"BM","R41",NA,NA,NA,NA,NA,NA,"Artificial Roost",NA,"R41-NA",0,NA,NA,NA,NA,NA,NA,NA,NA
"BM","R41",NA,NA,NA,NA,NA,NA,"Agrochemical Reduction",NA,"R41-NA",0,NA,NA,NA,NA,NA,NA,NA,NA
"BM","R41",NA,NA,NA,NA,NA,NA,"Revegetation",NA,"R41-NA",0,NA,NA,NA,NA,NA,NA,NA,NA
"BM","R41",NA,NA,NA,NA,NA,NA,"Bat Education",NA,"R41-NA",0,NA,NA,NA,NA,NA,NA,NA,NA
"BM","R41",NA,NA,NA,NA,NA,NA,"Artificial Water Sources",NA,"R41-NA",0,NA,NA,NA,NA,NA,NA,NA,NA
"BM","R41",NA,NA,NA,NA,NA,NA,"Acoustic Bat Lure",NA,"R41-NA",0,NA,NA,NA,NA,NA,NA,NA,NA
"OH","R42",NA,NA,NA,NA,NA,NA,"Artificial Roost",NA,"R42-NA",0,NA,NA,NA,NA,NA,NA,NA,NA
"OH","R42",NA,NA,NA,NA,NA,NA,"Agrochemical Reduction",NA,"R42-NA",0,NA,NA,NA,NA,NA,NA,NA,NA
"OH","R42",NA,NA,NA,NA,NA,NA,"Revegetation",NA,"R42-NA",0,NA,NA,NA,NA,NA,NA,NA,NA
"OH","R42",NA,NA,NA,NA,NA,NA,"Bat Education",NA,"R42-NA",0,NA,NA,NA,NA,NA,NA,NA,NA
"OH","R42",NA,NA,NA,NA,NA,NA,"Artificial Water Sources",NA,"R42-NA",0,NA,NA,NA,NA,NA,NA,NA,NA
"OH","R42",NA,NA,NA,NA,NA,NA,"Acoustic Bat Lure",NA,"R42-NA",0,NA,NA,NA,NA,NA,NA,NA,NA
"KR","R43",NA,NA,NA,NA,NA,NA,"Artificial Roost",NA,"R43-NA",0,NA,NA,NA,NA,NA,NA,NA,NA
"KR","R43",NA,NA,NA,NA,NA,NA,"Agrochemical Reduction",NA,"R43-NA",0,NA,NA,NA,NA,NA,NA,NA,NA
"KR","R43",NA,NA,NA,NA,NA,NA,"Revegetation",NA,"R43-NA",0,NA,NA,NA,NA,NA,NA,NA,NA
"KR","R43",NA,NA,NA,NA,NA,NA,"Bat Education",NA,"R43-NA",0,NA,NA,NA,NA,NA,NA,NA,NA
"KR","R43",NA,NA,NA,NA,NA,NA,"Artificial Water Sources",NA,"R43-NA",0,NA,NA,NA,NA,NA,NA,NA,NA
"KR","R43",NA,NA,NA,NA,NA,NA,"Acoustic Bat Lure",NA,"R43-NA",0,NA,NA,NA,NA,NA,NA,NA,NA
"CP","R44",NA,NA,NA,NA,NA,NA,"Artificial Roost",NA,"R44-NA",0,NA,NA,NA,NA,NA,NA,NA,NA
"CP","R44",NA,NA,NA,NA,NA,NA,"Agrochemical Reduction",NA,"R44-NA",0,NA,NA,NA,NA,NA,NA,NA,NA
"CP","R44",NA,NA,NA,NA,NA,NA,"Revegetation",NA,"R44-NA",0,NA,NA,NA,NA,NA,NA,NA,NA
"CP","R44",NA,NA,NA,NA,NA,NA,"Bat Education",NA,"R44-NA",0,NA,NA,NA,NA,NA,NA,NA,NA
"CP","R44",NA,NA,NA,NA,NA,NA,"Artificial Water Sources",NA,"R44-NA",0,NA,NA,NA,NA,NA,NA,NA,NA
"CP","R44",NA,NA,NA,NA,NA,NA,"Acoustic Bat Lure",NA,"R44-NA",0,NA,NA,NA,NA,NA,NA,NA,NA
